Year,Month,EildonInflow,Reach1,Reach2,Reach3,Reach4
1891,7,186782.00,9537.03,40628.94,8637.66,37695.57
1891,8,223207.00,43521.91,46566.64,8103.23,40132.63
1891,9,170823.00,24597.03,19454.63,3534.23,17531.00
1891,10,238715.00,19730.92,28941.71,656.85,9933.00
1891,11,91536.00,13542.24,21757.20,781.32,4086.00
1891,12,45039.00,9785.85,11320.98,1625.36,1393.00
1892,1,23111.00,6984.74,5332.57,414.84,4870.00
1892,2,13513.00,3616.58,3231.58,105.75,3566.00
1892,3,27534.00,8081.76,6432.47,648.23,5435.00
1892,4,20853.00,4216.43,6465.95,317.51,4543.00
1892,5,72046.00,15554.01,19721.57,6464.02,11123.00
1892,6,151370.00,32904.04,41922.24,25072.94,20858.00
1892,7,336670.00,77886.04,65638.87,81032.29,59999.24
1892,8,190620.00,50177.76,41426.68,37924.01,30167.47
1892,9,219220.00,39137.06,60100.91,44849.04,37742.47
1892,10,136510.00,35328.24,39094.11,21149.26,19190.00
1892,11,95195.00,20050.44,28394.95,9529.66,14002.00
1892,12,51719.00,18099.29,13111.25,3337.92,8526.00
1893,1,14548.00,3889.15,3303.49,145.03,3755.00
1893,2,13136.00,3621.15,2926.07,103.58,2947.00
1893,3,13701.00,3638.30,3307.96,122.97,3166.00
1893,4,6512.00,2209.18,1298.29,12.37,2539.00
1893,5,147990.00,31242.21,38465.29,24536.10,20767.00
1893,6,191750.00,31894.78,54497.29,38366.28,30498.54
1893,7,170969.00,44110.37,56038.47,108525.81,114286.86
1893,8,466044.00,71994.16,157915.83,166753.08,209704.00
1893,9,467377.00,59163.75,150792.69,152653.52,128300.03
1893,10,268187.00,43435.24,127943.30,155489.49,68407.88
1893,11,113487.00,20007.54,32181.74,12392.17,16002.00
1893,12,70433.00,9994.34,20250.38,2693.38,6009.00
1894,1,40770.00,6195.88,13142.69,864.89,2585.00
1894,2,20185.00,2888.62,3299.02,250.83,1323.00
1894,3,21478.00,3532.91,4161.48,574.99,1912.00
1894,4,24048.00,3616.20,4113.72,427.18,2482.00
1894,5,102572.00,12478.15,13377.84,771.09,4489.00
1894,6,82753.00,9298.13,13049.38,3107.52,4038.00
1894,7,251744.00,27504.33,28994.52,11.46,10183.00
1894,8,426124.00,48447.47,87709.75,38593.41,57649.96
1894,9,563760.00,89518.39,166451.87,153014.85,169115.00
1894,10,445482.00,88218.60,193083.52,243815.98,189822.00
1894,11,238321.00,59407.65,87050.18,42178.27,48778.07
1894,12,142523.00,27556.25,26463.23,8648.10,16790.00
1895,1,26182.00,7875.88,10646.06,593.72,1250.00
1895,2,12522.00,3612.42,2291.02,1118.36,595.00
1895,3,12335.00,3007.63,3059.71,3763.48,773.00
1895,4,19255.00,5419.44,4727.59,3252.73,1171.00
1895,5,33419.00,10534.36,9585.04,14261.41,2371.00
1895,6,42469.00,12481.60,16327.19,60342.68,4511.00
1895,7,112163.00,43991.28,30098.99,44343.29,9154.00
1895,8,313585.00,77495.79,52662.26,4710.41,43041.49
1895,9,325365.00,87784.09,27617.91,1418.78,88809.41
1895,10,80106.00,27149.17,14256.12,3887.41,8242.00
1895,11,57958.00,25490.51,8234.28,1845.65,4772.00
1895,12,71453.00,21413.95,10405.88,1193.07,6071.00
1896,1,20937.00,6454.37,2539.98,21.51,1556.00
1896,2,14512.00,5129.49,2560.95,67.91,1366.00
1896,3,17789.00,4566.04,3227.56,252.35,2893.00
1896,4,16215.00,4522.76,2896.32,70.56,2925.00
1896,5,34415.00,14192.55,7443.79,653.62,4382.00
1896,6,33695.00,8861.36,6611.05,2.45,3759.00
1896,7,192030.00,39819.04,44780.65,38475.72,30770.39
1896,8,100560.00,14891.29,41148.85,11642.47,14514.00
1896,9,158060.00,31620.50,49188.31,27338.91,22516.00
1896,10,122110.00,37102.65,28648.04,17426.84,17517.00
1896,11,25746.00,8050.61,5617.29,564.17,5168.00
1896,12,30075.00,9531.45,5784.42,802.22,5760.00
1897,1,38450.00,6435.87,12529.53,1616.68,6830.00
1897,2,20759.00,3753.80,6019.94,315.95,4453.00
1897,3,23488.00,5088.75,7606.68,420.25,4918.00
1897,4,15960.00,3431.22,4593.88,175.99,3918.00
1897,5,14266.00,2845.94,4597.29,142.96,3740.00
1897,6,11442.00,2968.71,2563.05,70.99,3340.00
1897,7,103190.00,31052.08,22759.78,12648.76,15008.00
1897,8,127100.00,32005.37,31831.95,18107.28,17830.00
1897,9,279640.00,44083.74,78219.82,60621.00,44599.44
1897,10,133500.00,33576.94,34690.16,20698.49,18877.00
1897,11,63764.00,20209.46,16295.03,5044.11,10026.00
1897,12,25464.00,8763.38,4710.83,515.89,5171.00
1898,1,11725.00,3709.28,1968.65,71.51,3415.00
1898,2,7913.00,2775.04,1344.27,36.46,2755.00
1898,3,7773.00,2892.05,1394.85,36.00,2843.00
1898,4,8996.00,3671.12,1281.36,44.64,3028.00
1898,5,7983.00,2958.41,1263.01,36.91,2887.00
1898,6,106110.00,28484.22,28392.70,12982.82,15228.00
1898,7,115430.00,38032.45,22498.46,15028.43,16172.00
1898,8,208870.00,56570.55,47581.00,41560.60,34456.89
1898,9,221670.00,54290.65,43752.65,43775.50,38387.04
1898,10,101590.00,33209.24,17399.15,12267.49,14899.00
1898,11,108090.00,38246.79,18776.98,13755.21,15632.00
1898,12,48049.00,22025.50,8218.81,2734.48,8057.00
1899,1,22076.00,8091.18,4049.97,360.23,4738.00
1899,2,17748.00,6631.83,2816.56,217.75,4068.00
1899,3,13419.00,3561.11,2776.33,105.39,3632.00
1899,4,25652.00,9276.45,4548.56,518.88,5156.00
1899,5,39580.00,15885.18,7353.52,1834.22,6975.00
1899,6,165300.00,43657.52,46510.86,28256.39,25035.00
1899,7,280300.00,63443.79,55981.21,58948.60,44556.62
1899,8,190710.00,30764.27,54972.69,37964.49,30132.48
1899,9,82491.00,24505.24,24864.57,7890.10,12419.00
1899,10,70728.00,15285.83,19400.64,6353.74,10878.00
1899,11,53319.00,15487.78,14233.34,3563.84,8573.00
1899,12,26311.00,7821.30,6797.24,574.54,5279.00
1900,1,14924.00,3134.70,4164.93,147.56,3824.00
1900,2,10219.00,2885.11,2843.29,65.88,3106.00
1900,3,11160.00,2875.20,2686.63,69.95,3344.00
1900,4,46261.00,14130.92,12900.22,2506.62,7789.00
1900,5,85597.00,18092.72,29325.73,8530.63,12607.00
1900,6,63105.00,21378.03,16130.28,4872.42,9375.00
1900,7,243130.00,60127.44,51615.18,48309.44,39946.66
1900,8,245670.00,47570.90,61247.30,49052.29,40693.79
1900,9,324620.00,43611.11,99333.92,72990.52,53828.53
1900,10,194290.00,33150.72,59616.66,39354.26,31504.30
1900,11,68093.00,15692.89,21471.04,5577.90,10579.00
1900,12,36474.00,7671.80,12926.31,1451.61,6578.00
1901,1,19347.00,3603.17,6498.88,253.10,4390.00
1901,2,12195.00,2673.85,3937.83,73.18,3359.00
1901,3,12007.00,2900.48,3913.61,72.65,3452.00
1901,4,44379.00,3090.41,19758.57,2226.27,7549.00
1901,5,45037.00,9497.56,15391.01,2449.37,7672.00
1901,6,155520.00,30116.88,46312.09,26154.76,21676.00
1901,7,115140.00,27261.25,34664.39,14501.34,16156.00
1901,8,145260.00,27556.29,50082.74,24104.67,20040.00
1901,9,299970.00,42821.47,105881.62,66470.08,47693.82
1901,10,248400.00,37676.35,94581.93,49856.34,41397.21
1901,11,198050.00,38171.43,57972.97,40821.23,32635.67
1901,12,55013.00,15384.61,16472.80,3869.04,8947.00
1902,1,26311.00,4464.73,9068.98,574.45,5279.00
1902,2,17842.00,3705.23,5003.37,218.73,4080.00
1902,3,15018.00,3444.63,3805.50,148.24,3836.00
1902,4,16524.00,3690.39,4256.51,208.49,3989.00
1902,5,10972.00,2662.21,2943.74,69.21,3320.00
1902,6,36474.00,11709.52,9628.06,1450.75,6539.00
1902,7,73834.00,25072.54,16590.83,6952.44,11352.00
1902,8,29228.00,9389.17,7216.22,772.32,5652.00
1902,9,38921.00,10133.95,12174.52,1632.74,6851.00
1902,10,48802.00,15013.36,13259.93,2960.98,8109.00
1902,11,29698.00,8331.41,8028.20,782.32,5350.00
1902,12,27817.00,6607.47,7750.10,653.91,5472.00
1903,1,23111.00,5270.75,6713.76,414.91,4870.00
1903,2,13513.00,3176.76,3939.34,105.58,3527.00
1903,3,27534.00,8901.03,5534.75,648.33,5435.00
1903,4,20853.00,5103.52,4510.06,317.63,4543.00
1903,5,72046.00,22975.69,18208.70,6463.18,10990.00
1903,6,151370.00,39128.33,42025.18,25072.94,20649.00
1903,7,336670.00,60665.14,88648.34,81030.91,59999.24
1903,8,190620.00,44055.58,46022.63,37924.76,30089.42
1903,9,219220.00,35120.96,60709.75,44848.34,37742.47
1903,10,136510.00,25170.75,44948.94,21148.50,19082.00
1903,11,95195.00,23822.98,28047.37,9529.18,14023.00
1903,12,51719.00,9734.35,15914.43,3338.51,8425.00
1904,1,108650.00,15995.03,41957.40,13826.37,15608.00
1904,2,65740.00,4522.29,30296.70,5400.31,10201.00
1904,3,46543.00,10436.30,14484.96,2521.00,7864.00
1904,4,16242.00,2961.99,4732.52,205.86,3954.00
1904,5,20665.00,5066.34,4983.50,315.53,4558.00
1904,6,64047.00,15584.64,18510.57,5065.07,10005.00
1904,7,305710.00,43033.09,104666.58,68191.43,48944.60
1904,8,256020.00,40064.29,95994.23,52090.03,40179.40
1904,9,309190.00,38866.72,130626.16,69236.37,49661.18
1904,10,179980.00,30475.76,52628.33,33893.55,28036.74
1904,11,176220.00,33142.08,51639.32,32899.21,29036.00
1904,12,39579.00,10726.85,11798.11,1834.01,6975.00
1905,1,24994.00,6644.57,7257.35,459.38,5097.00
1905,2,14172.00,3593.47,3978.11,125.52,3093.00
1905,3,18595.00,5022.04,4577.80,226.12,3788.00
1905,4,12760.00,3027.32,2713.80,75.60,3509.00
1905,5,19347.00,3818.55,4400.64,253.15,4390.00
1905,6,83715.00,28035.64,16287.97,7998.93,12575.00
1905,7,306840.00,60537.98,64563.35,68530.96,49295.68
1905,8,313050.00,88174.33,52610.72,70392.73,50498.15
1905,9,177720.00,58171.39,31730.97,33501.47,29225.00
1905,10,235320.00,59842.65,48725.73,47941.30,38257.33
1905,11,197200.00,50981.55,46513.68,40497.40,32414.07
1905,12,83620.00,19149.06,28304.79,7991.68,12479.00
1906,1,29134.00,11294.84,5153.65,733.79,5626.00
1906,2,17465.00,6174.01,3219.52,215.19,3539.00
1906,3,33839.00,10085.55,8676.37,1181.94,5983.00
1906,4,19065.00,6457.17,3972.16,230.16,4314.00
1906,5,31110.00,10171.18,6188.92,869.40,5892.00
1906,6,129830.00,42543.34,28733.74,20172.26,18370.00
1906,7,560070.00,119209.37,137438.29,163916.22,130831.16
1906,8,450440.00,109236.24,103441.86,130979.96,100846.11
1906,9,420140.00,58700.07,140520.82,116709.93,89719.96
1906,10,563080.00,107781.21,143387.42,164939.62,131661.77
1906,11,152220.00,42974.27,40268.31,25158.64,21250.00
1906,12,115710.00,30608.15,29963.11,15063.69,16559.00
1907,1,73551.00,27465.87,15903.44,6789.82,11114.00
1907,2,29605.00,9562.47,6951.19,779.32,5202.00
1907,3,18312.00,5978.19,3925.58,223.42,3965.00
1907,4,20289.00,6454.37,4136.70,293.73,4471.00
1907,5,32145.00,10395.37,7282.62,951.50,6024.00
1907,6,58965.00,20327.06,14055.16,4406.15,9412.00
1907,7,52378.00,15994.31,13166.27,3376.40,8610.00
1907,8,211230.00,58657.11,46552.52,42304.19,35227.46
1907,9,107330.00,38600.21,18913.62,13125.39,15594.00
1907,10,89925.00,37167.10,14659.66,8908.33,13407.00
1907,11,55577.00,24658.47,10469.19,3903.51,8980.00
1907,12,37321.00,14586.11,7235.61,1480.05,6686.00
1908,1,45602.00,17583.07,9625.62,2476.66,7653.00
1908,2,20665.00,8350.72,2885.54,315.11,3929.00
1908,3,14642.00,6050.50,2069.66,145.60,3338.00
1908,4,8620.00,3385.92,1331.70,39.63,2980.00
1908,5,17371.00,6756.42,2275.51,214.91,4137.00
1908,6,62259.00,25262.11,13025.30,4841.27,9834.00
1908,7,109500.00,39665.18,19044.22,13928.20,15909.00
1908,8,155140.00,38528.20,43142.73,26001.82,21875.00
1908,9,165870.00,47459.88,38543.72,28472.32,25090.00
1908,10,101120.00,35529.40,18657.41,11705.83,14839.00
1908,11,70351.00,30678.33,11003.95,6320.90,10867.00
1908,12,28287.00,14041.85,4166.88,716.11,5532.00
1909,1,14548.00,5034.77,2289.09,144.96,3777.00
1909,2,13136.00,4520.86,1854.90,103.53,3479.00
1909,3,13701.00,4397.67,2490.49,122.94,3668.00
1909,4,6512.00,2721.98,1055.99,12.37,2539.00
1909,5,147990.00,44867.24,35374.25,24537.72,20501.00
1909,6,191750.00,48785.70,43529.94,38367.03,30362.17
1909,7,322930.00,61662.29,85416.37,72490.81,53482.69
1909,8,707720.00,117378.98,189155.85,216970.40,186885.00
1909,9,370260.00,84225.54,87312.15,99803.27,69715.53
1909,10,156170.00,43541.88,38159.91,26437.17,22290.00
1909,11,58212.00,20063.75,14279.96,4216.64,9317.00
1909,12,32522.00,10488.55,7188.01,1098.69,6073.00
1910,1,10784.00,3088.62,2192.90,68.40,3279.00
1910,2,8808.00,2664.00,1935.55,43.95,2394.00
1910,3,9184.00,2746.85,2197.55,45.27,2669.00
1910,4,10031.00,2800.83,2790.56,65.30,3160.00
1910,5,6232.00,2131.49,1326.16,11.89,2519.00
1910,6,50213.00,13493.38,16384.27,3120.77,8295.00
1910,7,215080.00,43562.52,54729.66,43538.14,36991.81
1910,8,132180.00,31839.92,38493.05,20501.42,18366.00
1910,9,429260.00,56153.63,136831.58,119830.57,92056.70
1910,10,288860.00,43508.42,92271.47,61451.27,45358.08
1910,11,122860.00,23967.26,41661.78,17529.29,17482.00
1910,12,73833.00,22654.39,19448.56,6952.44,11352.00
1911,1,34686.00,9534.55,10691.75,1263.40,6349.00
1911,2,75433.00,21475.08,19358.17,7086.58,11401.00
1911,3,91149.00,22199.89,28919.82,9021.68,13521.00
1911,4,44190.00,15897.99,11415.78,2218.87,7525.00
1911,5,48707.00,12378.07,15999.83,2955.77,8141.00
1911,6,465020.00,72605.34,133360.02,136110.01,104965.72
1911,7,356520.00,65674.31,101827.88,87262.31,66217.11
1911,8,327730.00,62875.61,95082.42,73914.35,57910.73
1911,9,134620.00,37299.49,35123.03,20864.60,18624.00
1911,10,77692.00,24835.89,18570.78,7259.15,11825.00
1911,11,34121.00,14029.99,7810.87,1189.61,6238.00
1911,12,34969.00,14307.69,6595.43,1271.75,6385.00
1912,1,26405.00,10006.13,4708.85,576.34,5261.00
1912,2,14830.00,4622.64,2900.20,146.85,3226.00
1912,3,12289.00,3836.98,2494.68,73.79,3005.00
1912,4,9937.00,3568.04,1764.76,64.97,3148.00
1912,5,11819.00,3845.53,2079.69,71.94,3428.00
1912,6,15395.00,6104.49,1986.85,171.49,3846.00
1912,7,73645.00,27247.65,15367.12,6936.50,11327.00
1912,8,56989.00,22759.24,12222.22,3994.35,9199.00
1912,9,296770.00,66903.28,51615.18,63747.37,47214.42
1912,10,158340.00,63319.98,22175.95,27460.79,23128.00
1912,11,69693.00,25173.05,15918.98,5885.68,10707.00
1912,12,133680.00,45381.52,25820.48,20724.91,18783.00
1913,1,44285.00,22021.54,5790.22,2222.91,7547.00
1913,2,30546.00,14700.14,4198.59,811.24,5703.00
1913,3,29698.00,8054.17,6192.70,782.87,5712.00
1913,4,46920.00,13375.98,12471.20,2676.42,7873.00
1913,5,44379.00,14052.97,10802.70,2227.40,7325.00
1913,6,96889.00,24882.74,28334.63,10311.61,13688.00
1913,7,115710.00,38894.81,25071.31,15064.32,16132.00
1913,8,177160.00,66289.76,27635.08,33276.29,29090.00
1913,9,145160.00,59363.17,21539.12,22934.76,20065.00
1913,10,115520.00,41538.84,20351.96,15039.76,16602.00
1913,11,107990.00,41476.29,18466.03,13747.23,15678.00
1913,12,62447.00,28901.07,10392.52,4827.98,9897.00
1914,1,27441.00,14005.46,3461.48,646.66,5341.00
1914,2,17371.00,7891.30,2003.56,214.31,4020.00
1914,3,13137.00,5071.44,1800.92,103.86,3596.00
1914,4,6582.00,2712.08,1054.96,12.50,2553.00
1914,5,22171.00,8813.27,2968.32,361.47,4750.00
1914,6,29322.00,13910.82,4362.89,774.09,5625.00
1914,7,63011.00,28844.34,10509.29,4867.76,9969.00
1914,8,76939.00,34598.03,10205.52,7222.48,11748.00
1914,9,43626.00,19386.10,7675.48,2193.73,7453.00
1914,10,25370.00,13631.93,2854.50,514.64,5159.00
1914,11,13324.00,5462.81,1578.06,104.76,3428.00
1914,12,8333.00,2997.79,1250.50,38.49,2961.00
1915,1,10031.00,3698.04,1346.84,65.40,3199.00
1915,2,6862.00,2681.34,1078.29,20.86,2535.00
1915,3,6232.00,2764.98,897.36,11.89,2519.00
1915,4,6162.00,2246.48,965.05,11.74,2465.00
1915,5,25275.00,7907.32,4504.70,512.82,5147.00
1915,6,52190.00,17057.08,12349.84,3364.65,8547.00
1915,7,332810.00,77990.16,61004.53,75421.93,59097.05
1915,8,483090.00,122198.78,103766.01,156061.68,111603.98
1915,9,251970.00,60644.39,49118.29,50898.77,39191.17
1915,10,310600.00,67062.06,64589.04,69660.94,50004.33
1915,11,158240.00,54228.20,29606.97,27419.35,22996.00
1915,12,48802.00,19418.92,9876.78,2961.26,8153.00
1916,1,21041.00,7059.83,3376.59,319.96,4606.00
1916,2,14266.00,4198.30,2724.15,126.18,3662.00
1916,3,12571.00,3672.05,2596.18,74.95,3524.00
1916,4,8403.00,2911.39,1531.06,38.71,2936.00
1916,5,15772.00,4382.93,2978.23,174.61,3933.00
1916,6,22640.00,7703.84,4185.42,367.31,4771.00
1916,7,199460.00,59022.96,42985.00,41323.47,32139.91
1916,8,181490.00,49983.02,40471.43,34479.44,28623.99
1916,9,560630.00,91386.47,158129.56,164104.74,130985.59
1916,10,603730.00,92385.44,170407.37,178766.07,138720.55
1916,11,501440.00,96830.65,142198.47,159212.17,114955.39
1916,12,285760.00,50986.13,61458.59,60544.12,45896.51
1917,1,68751.00,26818.23,14507.63,5628.80,10696.00
1917,2,20476.00,6790.19,3991.80,295.43,4089.00
1917,3,40333.00,15904.40,8336.96,1864.03,6811.00
1917,4,61695.00,26142.33,13089.52,4801.62,9761.00
1917,5,116650.00,45028.37,17506.19,15179.54,16823.00
1917,6,808130.00,202788.97,176229.74,251573.20,216700.00
1917,7,464270.00,149623.92,62338.42,135849.22,104577.72
1917,8,644760.00,154915.79,156218.72,195270.02,149515.16
1917,9,827510.00,167917.37,189599.44,258254.85,222325.00
1917,10,647580.00,129090.99,161674.73,196243.27,150258.09
1917,11,249810.00,59315.03,55617.97,50266.10,41535.63
1917,12,108560.00,33348.87,24366.43,13815.32,15683.00
1918,1,36380.00,13013.28,8204.24,1448.15,6547.00
1918,2,29510.00,9393.51,7213.28,777.32,5530.00
1918,3,41838.00,15595.91,9215.23,1991.96,7230.00
1918,4,28852.00,8174.20,6723.35,727.44,5565.00
1918,5,317000.00,81826.69,56154.74,71576.78,52446.64
1918,6,328290.00,99295.05,45885.98,74078.53,58187.85
1918,7,604770.00,156807.76,132266.38,179116.93,138991.60
1918,8,356050.00,62723.02,92757.50,87109.23,65973.62
1918,9,381930.00,97095.52,87356.33,105066.38,72481.86
1918,10,106860.00,31485.18,27471.99,13072.37,15534.00
1918,11,75716.00,26563.38,17377.50,7114.02,11553.00
1918,12,30264.00,8928.68,7235.02,806.39,5784.00
1919,1,19441.00,5195.19,4689.62,254.06,4374.00
1919,2,13701.00,3624.44,3228.01,106.57,3168.00
1919,3,29981.00,6239.06,8557.88,788.76,5522.00
1919,4,20759.00,6018.30,4630.43,316.43,4531.00
1919,5,20288.00,5330.12,5561.92,294.02,4510.00
1919,6,59624.00,24044.00,14446.64,4450.96,9497.00
1919,7,154860.00,54668.15,32002.22,25876.40,21813.00
1919,8,127760.00,47867.18,19441.28,19868.41,17784.00
1919,9,159560.00,65679.15,24249.29,27981.63,23185.00
1919,10,96324.00,38219.91,15905.17,10258.08,14225.00
1919,11,35533.00,16265.90,5138.36,1410.51,6418.00
1919,12,23864.00,14036.66,1748.65,425.45,4967.00
1920,1,24523.00,10422.44,3928.24,452.55,5025.00
1920,2,12195.00,4507.07,1788.75,73.26,3398.00
1920,3,11631.00,4174.93,1972.74,71.88,3404.00
1920,4,12948.00,5013.38,1946.59,102.76,3532.00
1920,5,19159.00,7829.60,2800.04,251.23,4366.00
1920,6,62353.00,25166.14,12264.55,4847.76,9845.00
1920,7,201440.00,56525.65,40935.31,39192.02,32754.08
1920,8,367810.00,83232.73,86333.26,93392.39,69011.46
1920,9,372710.00,67975.53,97945.59,100639.02,70331.96
1920,10,278040.00,46976.52,77833.33,60136.51,44062.75
1920,11,263260.00,46865.16,54272.51,54208.40,41828.46
1920,12,71481.00,27682.46,15301.90,6416.46,11051.00
1921,1,34027.00,13537.13,6962.67,1187.36,6265.00
1921,2,14078.00,4317.06,2743.98,124.92,3599.00
1921,3,12195.00,3555.56,2489.65,73.45,3476.00
1921,4,9278.00,2984.81,1501.94,45.45,3064.00
1921,5,11349.00,3568.51,1932.60,70.66,3367.00
1921,6,144600.00,38977.82,34895.06,22852.13,20261.00
1921,7,135280.00,47711.01,25950.49,20962.76,18935.00
1921,8,481210.00,119829.03,96188.00,155341.15,111053.51
1921,9,577570.00,118886.20,143698.64,169861.40,135578.17
1921,10,324900.00,81587.98,54658.77,73077.17,53904.73
1921,11,115520.00,37471.11,22553.91,15037.87,16639.00
1921,12,50307.00,21365.81,10551.14,3256.85,8345.00
1922,1,28852.00,10505.55,5357.18,728.18,5586.00
1922,2,14266.00,4308.47,2809.10,126.09,3209.00
1922,3,15300.00,4310.86,3382.03,150.23,3449.00
1922,4,11725.00,3242.98,2784.52,71.45,3376.00
1922,5,16806.00,5293.47,3313.76,211.30,4065.00
1922,6,15394.00,5270.23,2301.88,150.73,3846.00
1922,7,96513.00,30995.77,21706.74,10275.92,14249.00
1922,8,101310.00,31316.62,20361.20,11726.39,14824.00
1922,9,152130.00,31687.99,46750.91,25191.34,21028.00
1922,10,178850.00,56497.14,38765.82,33451.31,27900.21
1922,11,110160.00,44231.51,16209.13,14004.88,15897.00
1922,12,35439.00,18356.96,3970.62,1286.55,6446.00
1923,1,23864.00,13456.92,2095.29,425.59,4967.00
1923,2,13513.00,6580.34,1329.34,105.58,3527.00
1923,3,8543.00,3775.38,1084.47,39.43,3004.00
1923,4,8620.00,3485.76,1329.44,39.64,2980.00
1923,5,17841.00,13036.80,445.30,219.19,4197.00
1923,6,220730.00,61037.21,41051.06,45324.02,38204.28
1923,7,360940.00,72594.68,81332.45,91176.14,67263.79
1923,8,459280.00,128700.80,63955.55,134098.70,103234.27
1923,9,199270.00,66396.03,34399.51,41260.50,32025.68
1923,10,532400.00,124326.69,131526.76,154499.09,123412.29
1923,11,182620.00,59555.07,41333.11,34916.41,29095.29
1923,12,100460.00,35430.86,17083.21,11632.47,14577.00
1924,1,64517.00,26903.02,12609.32,5099.98,10036.00
1924,2,44285.00,19287.64,6956.36,2221.11,7176.00
1924,3,63576.00,25646.58,12765.77,4906.47,9765.00
1924,4,82397.00,27612.65,17347.43,7881.49,12406.00
1924,5,53695.00,21478.14,12302.84,3716.05,8778.00
1924,6,127940.00,38398.27,32804.09,19897.89,17982.00
1924,7,98771.00,28353.68,27200.19,10996.74,14023.00
1924,8,263830.00,59260.34,56467.58,55862.79,42018.56
1924,9,378920.00,80482.19,77070.03,102762.21,71769.24
1924,10,354730.00,71008.44,65751.94,86698.26,65650.12
1924,11,374680.00,80755.85,87340.05,101313.18,70763.22
1924,12,125400.00,44036.42,27499.52,17875.39,17672.00
1925,1,59530.00,26721.07,9775.54,4445.45,9512.00
1925,2,60847.00,25784.75,11734.28,4739.25,9459.00
1925,3,47579.00,19901.03,9894.30,2710.59,7749.00
1925,4,26217.00,10173.66,4442.30,572.82,5228.00
1925,5,26405.00,9235.58,5154.66,576.16,5291.00
1925,6,38450.00,15630.21,6950.62,1616.31,6791.00
1925,7,80703.00,29654.39,16032.05,7520.66,12229.00
1925,8,165870.00,60816.18,27524.43,28475.34,25491.00
1925,9,239360.00,77981.42,42240.73,49173.53,39215.72
1925,10,173680.00,78057.14,21650.22,31505.60,28264.00
1925,11,53413.00,25894.49,6787.09,3569.03,8703.00
1925,12,30263.00,15597.35,3838.26,806.50,5784.00
1926,1,12699.00,12560.28,4348.18,645.59,5396.00
1926,2,7681.00,6126.76,2508.52,44.37,2411.00
1926,3,14288.00,4643.57,3787.13,149.95,3479.00
1926,4,40782.00,8153.01,6770.17,722.15,5532.00
1926,5,178173.00,26932.54,16733.35,22903.10,20436.00
1926,6,199734.00,37708.58,35320.19,33721.31,29735.00
1926,7,258060.00,48670.85,39571.62,44403.02,38877.37
1926,8,394334.00,84261.21,82861.66,92624.33,68310.48
1926,9,245778.00,46824.97,34682.01,53660.12,41310.20
1926,10,308073.00,88891.01,41514.69,12367.82,14795.00
1926,11,86364.00,58670.17,19025.43,2492.01,7705.00
1926,12,41148.00,27619.37,7497.48,786.99,5738.00
1927,1,17369.00,18079.91,5200.29,125.65,3699.00
1927,2,7270.00,12507.14,4467.18,45.09,2454.00
1927,3,1315.00,8476.51,4229.80,34.52,2265.00
1927,4,1321.00,7223.08,5618.86,70.36,3320.00
1927,5,31721.00,11341.77,6505.58,1615.76,6826.00
1927,6,31264.00,15436.53,10422.22,3334.40,8480.00
1927,7,149741.00,25658.76,13693.51,16933.52,16965.00
1927,8,323798.00,47327.07,28274.30,9311.70,13611.00
1927,9,191256.00,48178.64,19116.17,15018.35,16620.00
1927,10,198066.00,57467.81,40431.36,6682.65,11020.00
1927,11,63007.00,29067.62,13966.39,2450.59,7640.00
1927,12,21425.00,23229.58,7671.29,3770.43,8891.00
1928,1,4992.00,19346.72,8673.31,11089.63,14150.00
1928,2,60542.00,17853.10,17437.64,871.89,5707.00
1928,3,62717.00,14843.18,10570.35,1193.52,6292.00
1928,4,55404.00,11642.40,16413.60,6431.19,11036.00
1928,5,158792.00,31300.97,33021.23,83371.22,63449.32
1928,6,426191.00,89804.20,78269.71,29090.66,25623.00
1928,7,202776.00,48559.92,41376.68,8574.20,12420.00
1928,8,84906.00,42949.57,13493.12,5465.76,10007.00
1928,9,153659.00,33574.28,14548.19,24588.00,20830.00
1928,10,477156.00,114605.34,49067.11,6697.84,10664.00
1928,11,122398.00,56690.99,13647.27,2944.25,8076.00
1928,12,31264.00,30733.78,7294.37,512.48,5143.00
1929,1,12073.00,22202.97,5140.40,801.77,5719.00
1929,2,4172.00,15940.14,4616.78,37.53,2333.00
1929,3,0.00,14972.43,8235.20,7144.13,11169.00
1929,4,16399.00,17931.36,20433.23,2701.60,7936.00
1929,5,39123.00,26946.08,15486.58,9334.22,13814.00
1929,6,203546.00,38038.50,17218.75,8067.40,12672.00
1929,7,152231.00,45598.20,18463.26,9321.28,13319.00
1929,8,227499.00,43504.61,25909.87,11660.81,14444.00
1929,9,130931.00,39411.71,14783.54,6777.67,11261.00
1929,10,104442.00,32064.09,20349.50,4240.33,9381.00
1929,11,47369.00,18507.68,16070.82,5628.80,10585.00
1929,12,44913.00,31426.14,20572.98,5056.98,9799.00
1930,1,50185.00,15311.07,5031.39,1261.35,6105.00
1930,2,26487.00,6444.84,2812.98,326.79,4039.00
1930,3,17463.00,6477.90,3064.89,230.30,3882.00
1930,4,8452.00,10492.33,7701.81,9017.90,13521.00
1930,5,43290.00,29933.71,25127.26,1426.37,6477.00
1930,6,24889.00,14033.69,11343.34,2709.31,7957.00
1930,7,60639.00,27673.55,21783.16,46797.00,37424.40
1930,8,275331.00,66123.29,50528.25,4816.04,9330.00
1930,9,163158.00,31817.57,18600.27,24302.54,20355.00
1930,10,323515.00,43860.08,55792.88,10903.86,14139.00
1930,11,136324.00,31449.05,35734.65,106277.60,73435.77
1930,12,167713.00,66973.39,99386.67,9030.65,13101.00
1931,1,62981.00,43551.51,29309.04,3877.42,8849.00
1931,2,25800.00,16865.11,9193.80,11024.50,14463.00
1931,3,52301.00,17072.06,18737.07,12442.05,14859.00
1931,4,56356.00,12445.02,31620.87,82663.75,63040.56
1931,5,180057.00,50462.68,130553.81,247611.97,213431.00
1931,6,458982.00,135812.15,209482.03,139387.40,107271.90
1931,7,526084.00,87952.94,93617.90,71079.69,51821.64
1931,8,455693.00,120927.65,107407.77,109708.11,82579.89
1931,9,410687.00,120752.84,108078.75,17255.18,16749.00
1931,10,125985.00,35211.35,31616.21,16930.74,16678.00
1931,11,84942.00,24235.10,26548.01,4431.32,9354.00
1931,12,54173.00,11450.61,10723.07,1516.11,6821.00
1932,1,38503.00,1334.31,823.98,723.00,5538.00
1932,2,37460.00,0.00,698.81,2499.80,7232.00
1932,3,74629.00,1179.95,11061.83,56781.47,42652.23
1932,4,235498.00,44113.70,46088.66,5585.94,10492.00
1932,5,70236.00,26912.12,26202.15,85569.48,65195.14
1932,6,265147.00,82467.71,61890.61,101186.16,70698.29
1932,7,268721.00,109758.62,103602.34,130925.02,100803.31
1932,8,313896.00,85069.73,129846.50,116833.15,87930.34
1932,9,308108.00,84291.68,96808.23,27954.00,22917.00
1932,10,237518.00,15198.58,15436.21,12972.80,14926.00
1932,11,89085.00,29459.73,18317.92,3386.69,8597.00
1932,12,61160.00,12351.15,7845.42,1850.15,7026.00
1933,1,48421.00,2787.94,1541.65,367.25,4792.00
1933,2,32115.00,457.85,418.70,70.68,2759.00
1933,3,20537.00,2713.56,1442.86,222.35,3770.00
1933,4,10127.00,5342.00,4776.90,1112.72,6099.00
1933,5,20575.00,10711.22,7232.08,3394.32,8651.00
1933,6,60437.00,20349.99,22790.37,76516.45,60365.87
1933,7,217566.00,41967.78,59896.68,60782.14,46082.54
1933,8,212543.00,60039.44,48693.41,71766.65,52332.33
1933,9,359213.00,108027.87,81948.54,27431.54,22498.00
1933,10,193162.00,66061.30,35127.31,8524.94,12590.00
1933,11,58625.00,19818.94,8718.51,11663.03,14754.00
1933,12,86567.00,22210.65,29312.38,17201.50,17078.00
1934,1,58462.00,24632.36,31942.83,1616.31,6709.00
1934,2,33550.00,4592.20,3236.05,427.76,4649.00
1934,3,22751.00,6049.93,3843.72,1985.19,6984.00
1934,4,35634.00,13447.44,9658.05,1267.34,6330.00
1934,5,21907.00,15586.77,5200.80,452.77,5052.00
1934,6,16889.00,11766.77,6631.14,6786.35,11272.00
1934,7,151372.00,35528.04,18432.70,20242.55,18561.00
1934,8,171990.00,54469.69,28362.36,7531.68,11943.00
1934,9,91894.00,34430.53,26281.55,68600.18,49332.44
1934,10,319396.00,72655.80,100518.20,161400.40,116543.52
1934,11,293123.00,90840.42,77924.18,59801.60,43825.77
1934,12,281445.00,134823.88,153874.05,8493.21,12557.00
1935,1,31113.00,28685.80,24287.66,2701.60,7832.00
1935,2,40104.00,16894.37,7723.30,734.32,5161.00
1935,3,29144.00,13982.72,8698.97,21006.55,18723.00
1935,4,130025.00,32431.40,29509.73,18010.37,18008.00
1935,5,135054.00,60376.03,53376.62,31889.43,28468.00
1935,6,203463.00,74879.66,54732.27,159488.05,113991.24
1935,7,344846.00,137448.09,100371.23,103743.00,72465.03
1935,8,431946.00,166881.39,107077.31,72930.58,53789.69
1935,9,269738.00,73260.91,79920.22,22779.54,19762.00
1935,10,128009.00,41917.90,42243.75,6673.97,10552.00
1935,11,69322.00,30568.85,19568.69,1093.05,6010.00
1935,12,28076.00,22640.91,15434.92,945.05,5989.00
1936,1,7252.00,22619.19,14455.08,452.10,4679.00
1936,2,3608.00,9987.51,7482.14,177.98,3374.00
1936,3,170.00,7269.16,7418.42,566.88,4742.00
1936,4,18757.00,13959.56,7727.47,254.87,4376.00
1936,5,21138.00,8240.14,7383.61,10374.83,14375.00
1936,6,68058.00,15122.50,15951.91,44396.31,39315.11
1936,7,212716.00,45358.88,45914.28,71469.26,52900.19
1936,8,598965.00,88241.12,61771.36,30584.11,26953.00
1936,9,180556.00,49036.15,39447.38,12930.97,14809.00
1936,10,93587.00,27593.39,16582.02,4216.64,9352.00
1936,11,88005.00,37240.65,17132.38,3952.15,9078.00
1936,12,86389.00,27240.12,12801.89,1966.39,7186.00
1937,1,49271.00,24859.69,12378.67,411.01,4638.00
1937,2,17438.00,15003.31,5711.64,122.87,3119.00
1937,3,2335.00,14295.27,5132.25,124.70,3224.00
1937,4,9816.00,15304.58,5742.75,355.04,4650.00
1937,5,22509.00,15475.67,6492.74,600.92,5367.00
1937,6,28804.00,8093.30,4165.94,1175.47,6177.00
1937,7,43421.00,16642.81,9151.56,7861.99,12414.00
1937,8,92134.00,27310.07,13661.45,11065.61,14622.00
1937,9,198934.00,39534.83,18361.12,14037.39,15750.00
1937,10,112389.00,30957.54,42466.46,2456.44,7558.00
1937,11,45834.00,21278.69,5714.80,362.25,4723.00
1937,12,8975.00,16064.88,5514.38,291.36,4478.00
1938,1,3353.00,9365.64,3275.35,104.57,3612.00
1938,2,2794.00,9504.99,3320.91,45.84,2882.00
1938,3,0.00,6702.15,3801.53,518.88,5192.00
1938,4,12508.00,8256.05,3816.42,216.36,4122.00
1938,5,19750.00,8155.36,4057.40,6794.16,11320.00
1938,6,83241.00,22381.78,9604.60,1836.26,6944.00
1938,7,115695.00,27676.28,11192.06,4497.15,9375.00
1938,8,97298.00,25368.19,9606.55,1452.48,6538.00
1938,9,96763.00,22887.31,4415.34,207.50,3976.00
1938,10,26024.00,11411.51,1973.85,290.17,4465.00
1938,11,3998.00,8347.20,1857.48,75.62,3384.00
1938,12,2222.00,3882.40,1276.77,171.61,3883.00
1939,1,0.00,2703.34,1596.59,5918.48,10875.00
1939,2,73024.00,7912.50,14203.37,5426.34,10211.00
1939,3,98121.00,14206.32,38701.27,111388.76,84159.57
1939,4,233559.00,33011.09,47924.98,17069.25,16809.00
1939,5,110773.00,32079.78,61333.36,124012.70,98540.85
1939,6,282537.00,77583.88,82173.40,35272.15,29037.32
1939,7,205256.00,60991.72,101289.24,242793.46,209062.00
1939,8,749261.00,151012.41,179951.77,68592.93,49217.10
1939,9,486458.00,169355.63,133961.56,32706.85,28415.00
1939,10,247195.00,89450.10,54230.53,14086.63,15619.00
1939,11,130181.00,44502.45,38428.51,6448.03,10948.00
1939,12,78877.00,33586.24,22624.66,1512.29,6733.00
1940,1,21882.00,21807.52,13375.22,462.91,5127.00
1940,2,7474.00,12983.34,9194.43,228.30,3701.00
1940,3,2678.00,14166.50,10549.11,1259.78,5852.00
1940,4,8994.00,11382.18,9626.27,2095.37,7322.00
1940,5,26535.00,10744.97,9569.40,3571.47,8744.00
1940,6,46993.00,16326.49,10678.69,7458.92,12101.00
1940,7,97070.00,30136.53,14812.32,4856.65,9950.00
1940,8,99234.00,34195.77,13832.21,4898.59,10025.00
1940,9,89633.00,21608.82,22654.61,572.19,5011.00
1940,10,40113.00,22413.22,12276.64,599.17,5354.00
1940,11,31052.00,17994.15,11305.19,1438.95,6487.00
1940,12,17733.00,14815.17,6041.00,512.98,5148.00
1941,1,75032.00,10128.98,12671.46,208.25,3694.00
1941,2,7627.00,9252.30,6041.54,949.48,5902.00
1941,3,52713.00,18033.97,9550.50,76.05,3559.00
1941,4,19048.00,15605.98,5509.68,944.54,5952.00
1941,5,16900.00,10565.61,7223.86,15083.83,16723.00
1941,6,62382.00,28286.54,17390.73,8793.56,12965.00
1941,7,212764.00,47867.11,19648.16,8704.77,12594.00
1941,8,164339.00,47388.87,25811.20,8550.99,12481.00
1941,9,136996.00,37306.50,21813.34,3729.64,8656.00
1941,10,189804.00,40540.00,34180.02,6337.74,10758.00
1941,11,49919.00,25254.46,16281.78,2231.21,7562.00
1941,12,34583.00,17094.90,28323.75,1112.43,6135.00
1942,1,11553.00,16486.88,8610.41,1190.06,6232.00
1942,2,4208.00,11671.35,8065.83,803.68,5659.00
1942,3,2520.00,8370.02,8365.35,4706.80,9625.00
1942,4,12620.00,5003.70,12097.26,38516.20,30973.16
1942,5,243669.00,43004.02,55225.34,90474.74,66742.45
1942,6,285464.00,57311.74,49076.76,13094.17,14989.00
1942,7,547042.00,125906.44,96654.60,92491.71,68213.07
1942,8,319072.00,78386.23,50452.16,47201.70,37589.53
1942,9,457056.00,127501.79,84611.09,14209.64,15711.00
1942,10,159735.00,50318.26,45206.09,7510.51,12102.00
1942,11,102664.00,18160.63,18758.84,1633.85,6834.00
1942,12,77378.00,6526.14,7352.93,1095.21,6058.00
1943,1,40482.00,2170.85,3974.65,868.92,5877.00
1943,2,38316.00,0.00,301.12,223.84,3642.00
1943,3,28572.00,0.00,514.03,1097.82,5567.00
1943,4,77740.00,2698.19,3377.95,1256.63,6286.00
1943,5,59727.00,2285.33,4357.50,12741.85,15206.00
1943,6,118548.00,10466.24,8201.66,9422.84,13897.00
1943,7,274799.00,42313.17,16086.59,7904.61,12476.00
1943,8,232210.00,71940.86,16421.10,21708.00,19508.00
1943,9,277246.00,71623.89,27882.79,7154.31,11213.00
1943,10,123892.00,54141.46,14306.78,4425.80,9478.00
1943,11,85282.00,4352.01,4174.36,954.92,6005.00
1943,12,51178.00,39.00,1792.68,208.35,4023.00
1944,1,11582.00,6136.36,2096.40,105.88,3642.00
1944,2,1436.00,6100.00,1856.37,177.45,3867.00
1944,3,16314.00,2433.15,2602.05,7025.93,11459.00
1944,4,16406.00,10759.34,6452.00,7100.74,11531.00
1944,5,176800.00,45115.54,20264.54,13983.11,16077.00
1944,6,123251.00,35989.49,15404.57,8654.71,12691.00
1944,7,223609.00,45380.23,19850.18,4478.19,9091.00
1944,8,129419.00,31576.71,8395.56,2254.10,7590.00
1944,9,68265.00,6784.66,4744.85,1817.27,6883.00
1944,10,58154.00,7748.92,6731.25,1125.30,6193.00
1944,11,43313.00,7232.18,4561.72,725.01,5417.00
1944,12,38316.00,0.00,817.97,368.48,4820.00
1945,1,58852.00,0.00,394.76,147.28,3819.00
1945,2,31052.00,0.00,692.84,174.29,3817.00
1945,3,4072.00,0.00,530.83,173.15,3909.00
1945,4,11401.00,0.00,165.99,4.55,2264.00
1945,5,11992.00,164.83,1801.27,4151.56,9225.00
1945,6,53143.00,12402.92,4218.59,8023.87,12611.00
1945,7,64509.00,10396.00,7612.06,26107.83,22131.00
1945,8,352552.00,47490.86,31796.21,519.38,4778.00
1945,9,217346.00,41751.94,16119.46,4835.51,9628.00
1945,10,107234.00,19345.26,13178.06,3584.60,8715.00
1945,11,170751.00,22109.24,15943.30,1415.85,6437.00
1945,12,65059.00,0.00,1363.21,1185.40,6257.00
1946,1,29740.00,5011.85,1853.79,5054.04,10002.00
1946,2,25582.00,16198.29,8088.29,3586.12,8666.00
1946,3,66358.00,17815.99,5549.90,413.68,4860.00
1946,4,36978.00,16417.73,5728.51,2730.89,8011.00
1946,5,41004.00,10538.92,3976.13,3733.44,8815.00
1946,6,96190.00,22032.85,9939.73,16822.15,16274.00
1946,7,412756.00,54559.90,24384.61,22622.01,19635.00
1946,8,381821.00,73135.73,49464.28,7989.86,12009.00
1946,9,159919.00,50301.27,18852.17,8811.04,13236.00
1946,10,138744.00,40540.67,28670.57,5925.60,10849.00
1946,11,113572.00,27544.71,12533.55,2076.98,7267.00
1946,12,62261.00,14692.17,4177.13,213.64,4098.00
1947,1,37736.00,3903.98,1251.72,455.70,5079.00
1947,2,16254.00,2670.27,636.09,294.64,4409.00
1947,3,36370.00,6215.51,1277.25,251.18,4364.00
1947,4,29446.00,5359.55,2297.23,885.67,5946.00
1947,5,17834.00,8204.82,5210.03,5119.10,10194.00
1947,6,134464.00,15449.89,4815.85,7958.12,12516.00
1947,7,456897.00,58697.16,18723.77,39561.90,31393.05
1947,8,368265.00,106994.73,43996.35,37221.63,29486.50
1947,9,236238.00,75105.84,54158.82,24905.08,20553.00
1947,10,295585.00,82650.86,58318.57,16895.24,16340.00
1947,11,198634.00,63536.81,46091.49,12306.92,14677.00
1947,12,114572.00,31529.08,16428.73,1988.15,7176.00
1948,1,65013.00,15747.72,6018.32,450.97,5026.00
1948,2,38708.00,8745.35,4006.36,515.64,4802.00
1948,3,6661.00,13006.86,6998.26,2216.40,7081.00
1948,4,32879.00,9667.34,6829.39,14319.87,16398.00
1948,5,125594.00,7316.37,2492.59,17867.08,17930.00
1948,6,172267.00,22175.31,6999.98,9425.23,13900.00
1948,7,183882.00,29242.17,11722.43,20026.38,18377.00
1948,8,208531.00,27781.12,7728.73,7327.94,11946.00
1948,9,179165.00,48221.55,29328.12,14015.31,15889.00
1948,10,156862.00,41551.21,18157.48,5610.81,10671.00
1948,11,253829.00,66272.49,41168.13,4248.67,9223.00
1948,12,71156.00,21210.68,5213.11,602.40,5377.00
1949,1,38355.00,8285.77,3382.94,5935.09,10864.00
1949,2,17222.00,8083.22,2256.51,1634.95,6343.00
1949,3,50744.00,8745.95,2281.72,449.39,4802.00
1949,4,9793.00,15600.95,11176.94,1982.24,7198.00
1949,5,34940.00,7968.22,4808.95,4810.27,9813.00
1949,6,76364.00,0.00,1263.72,11078.95,14601.00
1949,7,155494.00,22546.82,7741.17,5877.77,10808.00
1949,8,145788.00,13059.61,3963.55,17095.70,17117.00
1949,9,167475.00,21765.84,24891.87,116570.30,89771.96
1949,10,222114.00,39415.22,48225.88,39427.76,32763.74
1949,11,335498.00,99175.78,130411.86,3111.19,7711.00
1949,12,88660.00,28273.68,34259.28,1181.79,6156.00
1950,1,27852.00,14122.12,14497.62,35133.77,29238.37
1950,2,33657.00,3779.43,3027.81,20516.91,18223.00
1950,3,109754.00,24233.56,19932.08,1954.13,6780.00
1950,4,92350.00,0.00,1176.76,4219.97,9322.00
1950,5,87683.00,0.00,1155.14,12694.72,15155.00
1950,6,64921.00,0.00,2275.12,25388.45,21516.00
1950,7,157378.00,26738.51,26065.43,29302.05,26394.00
1950,8,156291.00,27462.26,18867.07,27144.71,22850.00
1950,9,218624.00,43718.39,46348.44,20601.08,18470.00
1950,10,150877.00,33209.90,40289.73,5127.55,9792.00
1950,11,115873.00,28861.80,35693.94,1817.88,6886.00
1950,12,39411.00,16279.44,11521.07,2103.47,7381.00
1951,1,14686.00,8714.69,8539.56,215.75,4106.00
1951,2,32630.00,0.00,56.93,176.92,3469.00
1951,3,18592.00,0.00,743.98,3081.57,7894.00
1951,4,44085.00,5986.10,13997.68,70174.51,51529.28
1951,5,159224.00,34198.46,31972.22,87461.58,66704.13
1951,6,197590.00,42592.66,62960.99,154750.30,110830.17
1951,7,535007.00,110230.35,101207.98,46948.68,37329.69
1951,8,364200.00,113637.49,127979.15,11107.24,14143.00
1951,9,151368.00,43631.53,41047.44,17142.34,16629.00
1951,10,223092.00,38290.12,16119.45,7171.13,11674.00
1951,11,87297.00,31000.16,29578.64,3585.21,8737.00
1951,12,37527.00,25336.72,24474.82,319.49,4390.00
1952,1,0.00,25579.46,30482.18,11.60,2167.00
1952,2,0.00,11645.03,13149.05,147.24,3194.00
1952,3,0.00,11296.80,16441.35,604.06,4909.00
1952,4,3433.00,14613.25,21896.78,60782.50,44939.76
1952,5,88386.00,24499.10,31866.22,156887.43,115223.78
1952,6,730223.00,137798.82,95592.55,70651.82,50671.17
1952,7,524808.00,157487.08,202517.47,109071.31,82104.06
1952,8,270996.00,112960.19,88815.75,50579.21,41804.37
1952,9,373732.00,124384.47,158420.59,131070.51,100898.94
1952,10,255064.00,78507.09,77059.60,120798.22,92812.11
1952,11,356057.00,132058.17,191055.03,22938.62,19859.00
1952,12,215831.00,97333.29,128310.98,6410.56,10453.00
1953,1,25843.00,41846.65,28722.40,857.52,5688.00
1953,2,13298.00,25074.07,13351.64,1252.54,5834.00
1953,3,0.00,17824.02,12277.98,3109.49,7798.00
1953,4,0.00,15585.35,11609.25,4820.10,9846.00
1953,5,20290.00,20483.86,8278.98,24343.09,20669.00
1953,6,89430.00,31483.11,29331.74,121382.26,93544.60
1953,7,360605.00,72947.25,46552.52,61359.53,45301.85
1953,8,362579.00,115974.32,157633.88,164138.79,118565.68
1953,9,322050.00,90551.38,103085.94,83333.29,63150.52
1953,10,470206.00,140190.77,158035.30,20789.09,18462.00
1953,11,213906.00,89768.29,93359.21,5176.81,9707.00
1953,12,49709.00,29554.47,18906.97,2967.30,8169.00
1954,1,25270.00,16311.89,7861.50,287.51,4436.00
1954,2,13621.00,13935.84,9029.89,1112.72,5609.00
1954,3,0.00,9792.06,11798.77,2967.02,7660.00
1954,4,12255.00,11590.41,6148.97,3771.06,8833.00
1954,5,41111.00,15417.06,8072.51,1995.76,7277.00
1954,6,112824.00,20330.02,6580.36,5604.69,10624.00
1954,7,105000.00,25406.76,13913.60,31593.08,28402.00
1954,8,229867.00,34182.99,16166.83,1281.51,6368.00
1954,9,171473.00,35993.57,31936.23,41915.66,32469.40
1954,10,42931.00,24535.17,35127.09,109104.03,82442.57
1954,11,187090.00,47037.14,56598.21,6469.07,10707.00
1954,12,248272.00,66313.94,99124.51,10274.39,13816.00
1955,1,13393.00,29702.00,37550.00,3394.32,8648.00
1955,2,18005.00,23102.00,20687.00,601.11,5159.00
1955,3,13168.00,20610.00,20104.00,1952.02,6905.00
1955,4,3329.00,16028.00,19138.00,9565.58,14091.00
1955,5,43140.00,21280.00,28932.00,58961.43,44998.82
1955,6,173777.00,47488.00,73977.00,178344.89,138668.12
1955,7,342173.00,82146.00,115688.00,215225.51,185441.00
1955,8,932861.00,209825.00,190000.00,116343.59,89490.78
1955,9,472430.00,180320.00,163631.00,28625.98,23455.00
1955,10,398591.00,113084.00,90778.00,6433.29,10487.00
1955,11,158454.00,57332.00,31301.00,12286.62,14684.00
1955,12,72484.00,39120.00,28552.00,4159.57,9241.00
1956,1,206404.00,64292.00,66977.00,3745.45,8342.00
1956,2,49085.00,25478.00,23817.00,27896.26,24723.00
1956,3,38150.00,24346.00,49494.00,160551.06,114930.01
1956,4,346697.00,89237.00,96707.00,136476.06,105248.98
1956,5,362469.00,120529.00,197908.00,257253.55,221482.00
1956,6,477918.00,144407.00,164962.00,204778.95,176396.00
1956,7,556935.00,209274.00,245528.00,230122.21,198179.00
1956,8,624100.00,204843.00,223695.00,172411.68,133807.13
1956,9,424684.00,195754.00,207423.00,74008.82,57972.23
1956,10,287981.00,160823.00,157348.00,17956.38,17425.00
1956,11,267263.00,134401.00,78409.00,5882.12,10207.00
1956,12,80314.00,79606.00,19719.00,2475.20,7742.00
1957,1,31660.00,48773.00,9110.00,606.18,5379.00
1957,2,20153.00,34275.00,5201.00,106.24,3277.00
1957,3,21804.00,19545.00,8775.00,4813.52,9519.00
1957,4,20238.00,15357.00,6918.00,3872.27,8917.00
1957,5,36307.00,25443.00,17347.00,26775.09,24213.00
1957,6,79111.00,25694.00,14365.00,13989.81,16047.00
1957,7,129426.00,37463.00,32728.00,22628.19,20204.00
1957,8,99365.00,34517.00,34639.00,30946.07,27493.00
1957,9,157763.00,62199.00,38256.00,13692.02,15622.00
1957,10,300300.00,86579.00,55140.00,3977.92,9121.00
1957,11,82964.00,43293.00,27954.00,3312.95,8433.00
1957,12,48801.00,32645.00,17314.00,3102.73,8290.00
1958,1,30881.00,16699.00,10324.00,810.79,1377.00
1958,2,22311.00,12734.00,7912.00,782.43,571.00
1958,3,17165.00,10368.00,6800.00,428.91,748.00
1958,4,13093.00,8761.00,9673.00,20312.84,1170.00
1958,5,115102.00,29572.00,11181.00,1436.71,4870.00
1958,6,91867.00,20313.00,61864.00,216082.04,4172.00
1958,7,301079.00,49807.00,44418.00,48278.89,14034.00
1958,8,766919.00,198174.00,177138.00,54239.32,191278.00
1958,9,178967.00,72985.00,56837.00,29282.56,20938.00
1958,10,390956.00,99272.00,93093.00,11736.95,44044.29
1958,11,176508.00,61027.00,40493.00,3737.23,15338.00
1958,12,67467.00,34884.00,21972.00,860.49,6594.00
1959,1,26734.00,21379.00,15915.00,3265.66,2132.00
1959,2,21233.00,16454.00,10625.00,2523.68,1090.00
1959,3,21556.00,14139.00,9157.00,290.90,2352.00
1959,4,20388.00,10737.00,6135.00,71.53,1877.00
1959,5,14400.00,12001.00,10487.00,1413.79,1641.00
1959,6,22900.00,15647.00,15367.00,10298.36,3372.00
1959,7,28094.00,17981.00,22548.00,20675.84,3342.00
1959,8,160995.00,45457.00,36361.00,9517.20,3592.00
1959,9,223765.00,55919.00,82337.00,3542.47,4341.00
1959,10,129859.00,35389.00,24121.00,855.74,4399.00
1959,11,50082.00,20471.00,19271.00,2101.50,1287.00
1959,12,27097.00,15637.00,11352.00,1510.73,1209.00
1960,1,16816.00,10469.00,7616.00,324.40,1193.00
1960,2,12416.00,7535.00,5699.00,1286.24,614.00
1960,3,10051.00,6047.00,31535.00,85361.93,686.00
1960,4,21727.00,18303.00,30100.00,56345.30,1037.00
1960,5,304589.00,134633.00,114469.00,63996.29,26282.00
1960,6,233105.00,97809.00,119101.00,159572.05,29841.79
1960,7,417531.00,131593.00,157592.00,188016.86,42939.16
1960,8,389593.00,138468.00,160248.00,90080.43,92691.35
1960,9,315612.00,146936.00,192907.00,39678.89,171530.00
1960,10,199801.00,97136.00,95330.00,11596.34,37522.26
1960,11,170577.00,83939.00,67283.00,8956.50,6957.00
1960,12,64885.00,36027.00,21505.00,2106.31,4550.00
1961,1,26451.00,18829.00,11299.00,2533.18,1191.00
1961,2,13833.00,9833.00,8618.00,5518.96,585.00
1961,3,13721.00,9690.00,8714.00,5126.45,712.00
1961,4,22023.00,14534.00,10538.00,8535.36,1679.00
1961,5,21970.00,15155.00,23071.00,34655.43,2406.00
1961,6,57293.00,28474.00,23913.00,24834.52,4245.00
1961,7,162659.00,66190.00,56792.00,12393.91,5540.00
1961,8,176479.00,62581.00,63245.00,3103.01,27840.00
1961,9,129582.00,39327.00,27709.00,944.16,12052.00
1961,10,60093.00,28020.00,21769.00,2234.80,4710.00
1961,11,30690.00,15000.00,10578.00,1508.13,1533.00
1961,12,20147.00,9395.00,7667.00,1505.18,1210.00
1962,1,14776.00,6650.00,5126.00,948.97,1195.00
1962,2,10036.00,5245.00,4042.00,217.33,615.00
1962,3,8877.00,5196.00,5840.00,2923.67,705.00
1962,4,10070.00,4429.00,7788.00,12355.64,1170.00
1962,5,68289.00,18972.00,10684.00,5884.10,3402.00
1962,6,277042.00,38806.00,26351.00,33924.35,8493.00
1962,7,186782.00,40984.00,28789.00,8637.66,37778.94
1962,8,223207.00,72536.00,56970.00,8103.23,40166.51
1962,9,170823.00,44269.00,21676.00,3533.62,17189.00
1962,10,238715.00,54516.00,24097.00,656.46,9914.00
1962,11,91536.00,36306.00,22551.00,781.43,4119.00
1962,12,45039.00,20955.00,13611.00,1625.36,1393.00
1963,1,47383.00,19975.00,11156.00,145.21,2129.00
1963,2,31444.00,12012.00,7877.00,809.32,1687.00
1963,3,16442.00,8280.00,10263.00,11072.01,1210.00
1963,4,12932.00,6553.00,11911.00,26403.99,1170.00
1963,5,69242.00,25553.00,33179.00,33432.01,38919.27
1963,6,75543.00,37529.00,42141.00,33310.64,102712.37
1963,7,202189.00,70060.00,74402.00,28110.01,82461.81
1963,8,376167.00,82195.00,53755.00,13132.46,53904.73
1963,9,286198.00,73508.00,37195.00,4254.01,28582.00
1963,10,125533.00,48819.00,41850.00,662.63,39915.99
1963,11,79072.00,33891.00,23600.00,73.55,12481.00
1963,12,33010.00,18501.00,14384.00,518.38,1606.00
1964,1,16407.00,8708.00,6269.00,322.84,1210.00
1964,2,12580.00,6095.00,5791.00,1485.59,1131.00
1964,3,10606.00,4738.00,6101.00,4180.26,1209.00
1964,4,11782.00,6372.00,6876.00,14518.39,1396.00
1964,5,15945.00,11383.00,47139.00,116688.91,2658.00
1964,6,109074.00,35332.00,31874.00,40756.15,33803.18
1964,7,693317.00,119314.00,128191.00,130194.48,180074.00
1964,8,434543.00,127489.00,130332.00,158288.89,47388.88
1964,9,324879.00,120615.00,95773.00,11753.62,51651.65
1964,10,402356.00,140873.00,138769.00,7540.50,173568.00
1964,11,105794.00,44374.00,26111.00,1621.67,15523.00
1964,12,51194.00,32432.00,20220.00,420.68,2913.00
1965,1,26182.00,17448.00,12837.00,593.72,1251.00
1965,2,12522.00,8720.00,7393.00,1118.65,560.00
1965,3,12335.00,8236.00,7450.00,3763.48,704.00
1965,4,19255.00,12524.00,8791.00,3122.47,1171.00
1965,5,33419.00,18655.00,14254.00,14260.80,2371.00
1965,6,42469.00,17389.00,33347.00,60343.32,4511.00
1965,7,112163.00,49968.00,57640.00,44341.89,9286.00
1965,8,313585.00,97174.00,84058.00,4710.41,43098.82
1965,9,325365.00,82637.00,64686.00,1418.78,88095.66
1965,10,80106.00,35485.00,27052.00,3887.41,8280.00
1965,11,57958.00,28267.00,16882.00,1845.65,4772.00
1965,12,71453.00,24520.00,18282.00,1193.22,6071.00
1966,1,20937.00,10266.00,7112.00,21.52,1556.00
1966,2,14512.00,9788.00,6616.00,67.81,1368.00
1966,3,17789.00,10647.00,7433.00,252.45,2955.00
1966,4,16215.00,10414.00,7312.00,70.54,2925.00
1966,5,34415.00,20387.00,13459.00,653.62,4382.00
1966,6,33695.00,17965.00,10271.00,2.44,3759.00
1966,7,98695.00,40112.00,28957.00,727.87,5755.00
1966,8,346501.00,109820.00,104347.00,28784.13,29915.39
1966,9,268712.00,90553.00,74335.00,27407.02,24917.00
1966,10,215565.00,67022.00,50351.00,25237.94,27633.00
1966,11,147736.00,51606.00,42445.00,19970.45,8667.00
1966,12,266562.00,46369.00,37497.00,13945.35,22320.00
1967,1,58535.00,21898.00,17726.00,213.78,4579.00
1967,2,19770.00,10746.00,8063.00,11.12,1361.00
1967,3,15671.00,9342.00,5962.00,11.18,1521.00
1967,4,14249.00,8654.00,5333.00,21.31,1765.00
1967,5,12100.00,10781.00,10244.00,255.28,2612.00
1967,6,13339.00,10517.00,8761.00,3850.68,9943.00
1967,7,24401.00,13400.00,9145.00,3069.45,4477.00
1967,8,105498.00,36995.00,36063.00,32798.45,27064.00
1967,9,120234.00,42125.00,39176.00,10385.03,13396.00
1967,10,64957.00,24917.00,25665.00,577.60,5578.00
1967,11,19983.00,9076.00,7545.00,43.56,2142.00
1967,12,15939.00,8588.00,5928.00,11.14,1401.00
1968,1,13586.00,7727.00,4975.00,4.26,1209.00
1968,2,5460.00,9003.00,7071.00,1.17,1131.00
1968,3,6013.00,9619.00,7655.00,2.32,1209.00
1968,4,21296.00,15563.00,7681.00,320.20,1170.00
1968,5,311742.00,68215.00,36622.00,40021.65,39562.95
1968,6,415216.00,110057.00,85647.00,59171.85,140161.97
1968,7,190801.00,84313.00,70129.00,59691.73,60293.48
1968,8,461744.00,125491.00,119231.00,102671.27,124698.88
1968,9,205610.00,68611.00,40488.00,24249.02,30565.30
1968,10,501971.00,108444.00,44648.00,2981.29,16032.00
1968,11,193483.00,66883.00,33728.00,2735.51,9151.00
1968,12,77480.00,33249.00,19012.00,420.18,4397.00
1969,1,33353.00,16442.00,10062.00,21.19,1612.00
1969,2,19637.00,11614.00,7118.00,37.84,794.00
1969,3,24274.00,14384.00,10235.00,654.89,2536.00
1969,4,32494.00,15806.00,14973.00,2122.73,4102.00
1969,5,43364.00,23735.00,25862.00,292.94,4128.00
1969,6,103160.00,33641.00,44457.00,5575.99,5876.00
1969,7,186757.00,56681.00,66974.00,34423.03,32682.33
1969,8,177394.00,52730.00,39122.00,46.77,13308.00
1969,9,323331.00,69802.00,56903.00,20402.78,23656.00
1969,10,110266.00,49090.00,33768.00,11.56,7943.00
1969,11,49137.00,24899.00,16082.00,857.05,4299.00
1969,12,68115.00,31151.00,22972.00,731.47,2526.00
1970,1,38823.00,21444.00,16615.00,2937.39,1327.00
1970,2,16604.00,8882.00,7828.00,3.94,1034.00
1970,3,20441.00,14597.00,12976.00,8506.95,15772.00
1970,4,109553.00,28459.00,29346.00,28079.95,25750.00
1970,5,193235.00,64499.00,57033.00,6460.23,30468.04
1970,6,195160.00,55629.00,54403.00,6715.19,13822.00
1970,7,401511.00,90664.00,60032.00,29594.76,30730.92
1970,8,550369.00,111673.00,82291.00,45499.60,46005.46
1970,9,285192.00,103749.00,114606.00,101900.91,43009.80
1970,10,107108.00,49806.00,33181.00,7559.02,13202.00
1970,11,75702.00,34435.00,28516.00,25230.66,23255.00
1970,12,40623.00,21086.00,15416.00,880.68,3557.00
1971,1,37501.00,19442.00,15501.00,569.31,1902.00
1971,2,29094.00,13712.00,10277.00,661.95,1283.00
1971,3,20947.00,8510.00,6104.00,20.23,890.00
1971,4,31120.00,16111.00,8274.00,596.40,1926.00
1971,5,202045.00,59524.00,27208.00,17156.19,8657.00
1971,6,268905.00,98806.00,60873.00,15141.76,24188.00
1971,7,143932.00,66386.00,39488.00,13762.57,15379.00
1971,8,191102.00,62662.00,45677.00,30063.80,30626.84
1971,9,300515.00,71876.00,34326.00,22014.56,28688.00
1971,10,432579.00,117736.00,88285.00,50182.99,23055.00
1971,11,254208.00,110826.00,179280.00,125302.39,23440.00
1971,12,93868.00,40362.00,27513.00,12310.40,7123.00
1972,1,51235.00,23143.00,13326.00,568.23,2715.00
1972,2,36174.00,19872.00,17506.00,22818.15,5007.00
1972,3,24154.00,14709.00,8418.00,356.40,3629.00
1972,4,27876.00,15552.00,8342.00,171.82,2333.00
1972,5,30032.00,19159.00,12438.00,21.00,3028.00
1972,6,23385.00,12621.00,7908.00,150.30,2989.00
1972,7,175283.00,42354.00,16224.00,37.32,4671.00
1972,8,173974.00,42609.00,20054.00,1826.66,5086.00
1972,9,104408.00,36343.00,22792.00,944.54,4220.00
1972,10,75810.00,28338.00,20525.00,3999.83,2405.00
1972,11,41454.00,18174.00,8738.00,21.18,1512.00
1972,12,22399.00,8079.00,5005.00,1.92,1209.00
1973,1,17721.00,7826.00,4074.00,3.51,2267.00
1973,2,116184.00,27050.00,26040.00,37246.42,81316.85
1973,3,53835.00,16925.00,7979.00,252.65,5044.00
1973,4,78485.00,17932.00,11099.00,2080.04,7751.00
1973,5,187085.00,47401.00,30169.00,9415.65,35342.56
1973,6,194978.00,70298.00,64739.00,56167.25,66009.48
1973,7,170969.00,75600.00,92701.00,108528.09,114259.99
1973,8,466044.00,126075.00,158566.00,166754.74,209667.00
1973,9,467377.00,131958.00,142543.00,168814.73,128300.03
1973,10,268187.00,92738.00,132721.00,155492.03,68324.85
1973,11,113487.00,52688.00,34350.00,12396.23,15999.00
1973,12,70433.00,34956.00,17130.00,2693.12,6010.00
1974,1,77730.00,33865.00,17606.00,4434.07,20623.00
1974,2,32440.00,15520.00,7321.00,46.20,3939.00
1974,3,21540.00,11457.00,5790.00,123.98,4115.00
1974,4,42354.00,24496.00,33840.00,38337.79,20575.00
1974,5,262518.00,114535.00,245886.00,264934.22,283650.00
1974,6,88677.00,31534.00,30956.00,26688.83,16217.00
1974,7,559546.00,97432.00,97445.00,90788.21,58614.42
1974,8,566720.00,153952.00,145406.00,132782.33,92027.61
1974,9,426903.00,134861.00,125086.00,153167.66,94878.24
1974,10,449987.00,146834.00,182805.00,225055.07,62458.09
1974,11,158305.00,60502.00,43029.00,18194.49,11057.00
1974,12,81054.00,37135.00,23636.00,7233.11,4649.00
1975,1,40770.00,21029.00,11924.00,7284.00,2595.00
1975,2,20185.00,9867.00,5330.00,4963.00,1385.00
1975,3,21478.00,11055.00,6480.00,6383.00,1911.00
1975,4,24048.00,11654.00,6673.00,5923.00,2486.00
1975,5,102572.00,28435.00,12157.00,6935.00,4492.00
1975,6,82753.00,23998.00,12272.00,11017.00,4035.00
1975,7,251744.00,58311.00,27710.00,2045.00,10179.00
1975,8,426124.00,108985.00,85093.00,51482.00,74113.00
1975,9,563760.00,160304.00,163139.00,204537.00,169153.00
1975,10,445482.00,145140.00,200283.00,321656.00,189821.00
1975,11,238321.00,108605.00,98643.00,60301.00,67573.00
1975,12,142523.00,50289.00,27549.00,18306.00,16508.00
1976,1,46489.00,24128.00,13277.00,7533.00,5593.00
1976,2,21937.00,12025.00,6001.00,3083.00,2790.00
1976,3,17702.00,10076.00,4721.00,2839.00,2124.00
1976,4,14406.00,8110.00,3979.00,3007.00,2153.00
1976,5,17669.00,13371.00,12063.00,4153.00,2980.00
1976,6,20959.00,16815.00,9047.00,434.00,3344.00
1976,7,32002.00,16289.00,8325.00,4050.00,3926.00
1976,8,187600.00,57678.00,28142.00,1750.00,4413.00
1976,9,173924.00,59859.00,42294.00,4862.00,4705.00
1976,10,179030.00,58479.00,40962.00,11155.00,5330.00
1976,11,74784.00,35314.00,31105.00,17976.00,4493.00
1976,12,52714.00,23447.00,16883.00,3583.00,2506.00
1977,1,28044.00,15917.00,10434.00,7108.00,2155.00
1977,2,15163.00,8073.00,4928.00,4308.00,1604.00
1977,3,13378.00,7597.00,4541.00,2202.00,1814.00
1977,4,19890.00,12284.00,12617.00,14647.00,2589.00
1977,5,30421.00,19356.00,12729.00,6216.00,3113.00
1977,6,206831.00,90434.00,91320.00,15167.00,23250.00
1977,7,243089.00,101355.00,112278.00,15789.00,25229.00
1977,8,237659.00,85854.00,55511.00,5436.00,11537.00
1977,9,101166.00,48875.00,31195.00,8489.00,7109.00
1977,10,61122.00,33375.00,22329.00,6282.00,3628.00
1977,11,26809.00,18230.00,11473.00,2583.00,1788.00
1977,12,15025.00,10969.00,7461.00,1356.00,1476.00
1978,1,13245.00,10275.00,7104.00,2971.00,1465.00
1978,2,8301.00,6835.00,4914.00,1431.00,1329.00
1978,3,10385.00,7080.00,5079.00,2083.00,1500.00
1978,4,15057.00,9930.00,8207.00,6820.00,2600.00
1978,5,35061.00,15743.00,17031.00,20064.00,9337.00
1978,6,119262.00,24703.00,25862.00,37917.00,18334.00
1978,7,249268.00,54683.00,59225.00,82946.00,63439.00
1978,8,367112.00,96680.00,109979.00,111772.00,94748.00
1978,9,229412.00,84311.00,81407.00,82056.00,39833.00
1978,10,141648.00,55742.00,43522.00,17992.00,23720.00
1978,11,126796.00,44795.00,40686.00,28664.00,10096.00
1978,12,111614.00,39937.00,38998.00,10725.00,6735.00
1979,1,38305.00,20971.00,18629.00,4045.00,2243.00
1979,2,15058.00,10209.00,7811.00,1682.00,1293.00
1979,3,13229.00,9570.00,6684.00,2003.00,1493.00
1979,4,16962.00,11485.00,8521.00,4340.00,1786.00
1979,5,17407.00,15641.00,21402.00,33515.00,2890.00
1979,6,41134.00,17720.00,14428.00,15394.00,4018.00
1979,7,67004.00,21509.00,11603.00,8675.00,4685.00
1979,8,226949.00,58284.00,57264.00,62415.00,20136.00
1979,9,437061.00,115680.00,82734.00,119125.00,79378.00
1979,10,385378.00,117843.00,128629.00,190933.00,137276.00
1979,11,72660.00,36864.00,21227.00,12499.00,8606.00
1979,12,31532.00,18846.00,10769.00,3658.00,2846.00
1980,1,18704.00,12502.00,7864.00,3419.00,2037.00
1980,2,8863.00,6791.00,3915.00,1217.00,1321.00
1980,3,8835.00,6410.00,4176.00,2130.00,1616.00
1980,4,15549.00,12304.00,7289.00,8989.00,3518.00
1980,5,18920.00,13105.00,10187.00,10929.00,3551.00
1980,6,54139.00,28277.00,13289.00,8417.00,5521.00
1980,7,271284.00,98214.00,83184.00,54563.00,39347.00
1980,8,268731.00,91327.00,63243.00,48044.00,41032.00
1980,9,367923.00,85350.00,36317.00,17138.00,16916.00
1980,10,105096.00,49599.00,26876.00,18666.00,12983.00
1980,11,88059.00,34561.00,18866.00,7125.00,4735.00
1980,12,47018.00,22845.00,17188.00,13488.00,3604.00
1981,1,20608.00,10015.00,6451.00,1428.00,1571.00
1981,2,10765.00,5892.00,4375.00,943.00,1369.00
1981,3,13345.00,8893.00,6240.00,1439.00,1439.00
1981,4,10916.00,7043.00,5047.00,1701.00,1630.00
1981,5,18963.00,11872.00,19249.00,30807.00,2863.00
1981,6,168679.00,50455.00,54780.00,96829.00,93464.00
1981,7,551546.00,146046.00,192016.00,300118.00,235305.00
1981,8,707035.00,194256.00,236628.00,344159.00,269475.00
1981,9,198004.00,84768.00,74027.00,65199.00,44208.00
1981,10,128936.00,50314.00,38483.00,22751.00,14995.00
1981,11,59178.00,28638.00,17149.00,7963.00,7702.00
1981,12,33365.00,16724.00,10223.00,3098.00,2950.00
1982,1,21292.00,10408.00,7084.00,2267.00,2167.00
1982,2,11368.00,6087.00,3982.00,1335.00,975.00
1982,3,13615.00,7988.00,5046.00,2742.00,1540.00
1982,4,13235.00,9279.00,6224.00,2524.00,1845.00
1982,5,22586.00,16273.00,14043.00,18955.00,2740.00
1982,6,31573.00,20523.00,12682.00,7842.00,4002.00
1982,7,30076.00,17347.00,11689.00,4483.00,3320.00
1982,8,45900.00,22900.00,20675.00,4077.00,2976.00
1982,9,53683.00,22963.00,18536.00,1347.00,2229.00
1982,10,31653.00,18027.00,17426.00,3910.00,1508.00
1982,11,14741.00,8337.00,5358.00,1033.00,1229.00
1982,12,9217.00,6723.00,5892.00,661.00,1261.00
1983,1,5905.00,4892.00,4029.00,3492.00,1250.00
1983,2,2228.00,2078.00,1833.00,962.00,1110.00
1983,3,5273.00,3670.00,2773.00,1551.00,1440.00
1983,4,16276.00,6371.00,4191.00,4612.00,2295.00
1983,5,50801.00,14291.00,13596.00,36416.00,7040.00
1983,6,97306.00,25117.00,14308.00,23225.00,11066.00
1983,7,243693.00,81993.00,68996.00,17832.00,106462.00
1983,8,269800.00,85302.00,124366.00,187796.00,133483.00
1983,9,441187.00,114586.00,148380.00,236552.00,132427.00
1983,10,152753.00,52904.00,40985.00,43469.00,18691.00
1983,11,90436.00,40063.00,25199.00,10369.00,7167.00
1983,12,87076.00,30640.00,18656.00,7442.00,3919.00
1984,1,42903.00,26264.00,17853.00,10302.00,10008.00
1984,2,19716.00,11398.00,7247.00,2820.00,2471.00
1984,3,19432.00,14482.00,8783.00,3821.00,2296.00
1984,4,22300.00,15596.00,9553.00,4216.00,2676.00
1984,5,21554.00,14186.00,11543.00,11691.00,3053.00
1984,6,26158.00,16382.00,8196.00,4360.00,3456.00
1984,7,62470.00,26384.00,17860.00,10823.00,6457.00
1984,8,412238.00,100643.00,83469.00,71208.00,54616.00
1984,9,274403.00,99960.00,116396.00,87645.00,29020.00
1984,10,233782.00,94524.00,76057.00,54854.00,55193.00
1984,11,51896.00,34967.00,24474.00,7207.00,5121.00
1984,12,28472.00,21886.00,16202.00,3204.00,2369.00
1985,1,15669.00,12573.00,9793.00,1564.00,1493.00
1985,2,9331.00,7497.00,5230.00,618.00,1166.00
1985,3,8261.00,6706.00,4956.00,485.00,1383.00
1985,4,14025.00,10825.00,6681.00,1015.00,1597.00
1985,5,20050.00,12431.00,11245.00,15945.00,2472.00
1985,6,71302.00,23311.00,12968.00,6752.00,4148.00
1985,7,122167.00,31822.00,17437.00,6491.00,3982.00
1985,8,535700.00,130322.00,118352.00,101891.00,66518.00
1985,9,139390.00,56152.00,46523.00,35938.00,33703.00
1985,10,96435.00,33483.00,23709.00,18077.00,11066.00
1985,11,82461.00,23170.00,15769.00,5423.00,5800.00
1985,12,102473.00,31521.00,41276.00,52969.00,13027.00
1986,1,49621.00,21570.00,19422.00,3902.00,4906.00
1986,2,22396.00,11056.00,8698.00,1592.00,1584.00
1986,3,12675.00,8048.00,6545.00,1201.00,1260.00
1986,4,18026.00,13625.00,8853.00,2994.00,2376.00
1986,5,74112.00,29635.00,28477.00,37046.00,13332.00
1986,6,81969.00,34075.00,20156.00,11179.00,8939.00
1986,7,670206.00,167542.00,149965.00,165224.00,198545.00
1986,8,192349.00,84550.00,75712.00,105793.00,84009.00
1986,9,153604.00,82422.00,73446.00,90820.00,69839.00
1986,10,375725.00,97718.00,102556.00,169299.00,57501.00
1986,11,131941.00,50915.00,39649.00,30315.00,14390.00
1986,12,108916.00,48983.00,31305.00,15507.00,6821.00
1987,1,45781.00,24606.00,16133.00,2293.00,3026.00
1987,2,22708.00,13652.00,8911.00,834.00,1866.00
1987,3,20760.00,14371.00,8315.00,642.00,2050.00
1987,4,21460.00,15157.00,9030.00,891.00,2738.00
1987,5,55641.00,26542.00,15804.00,17052.00,5117.00
1987,6,125675.00,64638.00,61884.00,89417.00,45797.00
1987,7,285156.00,78450.00,74596.00,65827.00,47787.00
1987,8,251614.00,73733.00,120805.00,164146.00,72083.00
1987,9,164786.00,62328.00,46964.00,28632.00,13203.00
1987,10,86956.00,44344.00,37297.00,21674.00,8887.00
1987,11,51298.00,26324.00,17366.00,2009.00,3605.00
1987,12,54710.00,24075.00,19956.00,7899.00,4937.00
1988,1,23503.00,16120.00,17879.00,11535.00,1934.00
1988,2,14502.00,8205.00,6467.00,388.00,765.00
1988,3,14095.00,9093.00,6539.00,233.00,810.00
1988,4,13314.00,7349.00,4991.00,355.00,2698.00
1988,5,36718.00,20972.00,21358.00,28703.00,11871.00
1988,6,211257.00,70485.00,53838.00,72469.00,103633.00
1988,7,304029.00,76356.00,80014.00,105506.00,82646.00
1988,8,199491.00,72297.00,64854.00,54418.00,30921.00
1988,9,268849.00,82059.00,89990.00,104555.00,79992.00
1988,10,141356.00,50541.00,26086.00,7408.00,13893.00
1988,11,84818.00,37918.00,48878.00,36370.00,12109.00
1988,12,70538.00,35047.00,37827.00,12216.00,13977.00
1989,1,32905.00,22176.00,20180.00,10119.00,4192.00
1989,2,15200.00,11429.00,8993.00,2140.00,1801.00
1989,3,20224.00,17784.00,12385.00,6445.00,6737.00
1989,4,37089.00,25731.00,19363.00,10054.00,14391.00
1989,5,57095.00,42528.00,27776.00,18005.00,28744.00
1989,6,170819.00,78755.00,138128.00,158267.00,142245.00
1989,7,212930.00,77726.00,76361.00,68606.00,61226.00
1989,8,396385.00,129482.00,174666.00,190578.00,172086.00
1989,9,316143.00,105583.00,107705.00,88458.00,54942.00
1989,10,309911.00,95790.00,63482.00,32159.00,13552.00
1989,11,168538.00,63201.00,39903.00,14145.00,7906.00
1989,12,48189.00,31189.00,19615.00,5841.00,4108.00
1990,1,21517.00,16446.00,11030.00,2583.00,2557.00
1990,2,16951.00,13074.00,10181.00,4906.00,2490.00
1990,3,11874.00,9280.00,7064.00,2424.00,1583.00
1990,4,35103.00,15960.00,11496.00,5986.00,3275.00
1990,5,31190.00,14661.00,11791.00,8193.00,4105.00
1990,6,71144.00,24328.00,13326.00,9277.00,4615.00
1990,7,556180.00,126815.00,118761.00,107271.00,86885.00
1990,8,507504.00,140551.00,117142.00,98895.00,82912.00
1990,9,315127.00,106824.00,87946.00,61049.00,35094.00
1990,10,194516.00,55127.00,38318.00,14344.00,12960.00
1990,11,76391.00,32104.00,23299.00,6142.00,5061.00
1990,12,33689.00,19135.00,13502.00,3020.00,3153.00
1991,1,32398.00,14417.00,10345.00,3877.00,3951.00
1991,2,12891.00,6563.00,4975.00,1408.00,1289.00
1991,3,10543.00,6306.00,4984.00,1836.00,1255.00
1991,4,11082.00,6192.00,5117.00,2265.00,2408.00
1991,5,11017.00,7015.00,6905.00,1775.00,2915.00
1991,6,57078.00,22351.00,16882.00,26582.00,10322.00
1991,7,205041.00,51141.00,55102.00,85313.00,59283.00
1991,8,554728.00,107455.00,73877.00,48272.00,60642.00
1991,9,584197.00,158071.00,140318.00,104409.00,131786.00
1991,10,141815.00,64357.00,58446.00,47541.00,25115.00
1991,11,49285.00,29852.00,16093.00,4664.00,3993.00
1991,12,33045.00,27254.00,24210.00,5009.00,2349.00
1992,1,25800.00,22662.00,29772.00,7269.00,6224.00
1992,2,12140.00,10797.00,11898.00,1626.00,1070.00
1992,3,14399.00,10449.00,8770.00,2160.00,1272.00
1992,4,13569.00,10465.00,8529.00,2700.00,1834.00
1992,5,42006.00,21237.00,18474.00,19694.00,7956.00
1992,6,85769.00,36525.00,25896.00,18021.00,7125.00
1992,7,116763.00,38724.00,28947.00,11235.00,12828.00
1992,8,295228.00,72109.00,46589.00,42242.00,39264.00
1992,9,539999.00,146212.00,149198.00,144396.00,120665.00
1992,10,435278.00,163099.00,219309.00,261458.00,137770.00
1992,11,170366.00,76670.00,76855.00,49187.00,52962.00
1992,12,239665.00,62167.00,67895.00,93668.00,38466.00
1993,1,81608.00,34247.00,27391.00,19624.00,15191.00
1993,2,48470.00,27560.00,17338.00,8016.00,5326.00
1993,3,47288.00,24904.00,16350.00,8063.00,5769.00
1993,4,30874.00,16561.00,13042.00,4920.00,3902.00
1993,5,33224.00,18473.00,13591.00,2345.00,4488.00
1993,6,93386.00,30361.00,15807.00,7814.00,6565.00
1993,7,225470.00,61526.00,39848.00,40721.00,29691.00
1993,8,384416.00,103830.00,78304.00,59160.00,52858.00
1993,9,580032.00,184528.00,281957.00,391989.00,286873.00
1993,10,391649.00,115768.00,149941.00,184294.00,212252.00
1993,11,171710.00,75201.00,53081.00,33764.00,16484.00
1993,12,64289.00,47996.00,46122.00,27899.00,8806.00
1994,1,59206.00,38047.00,38377.00,7835.00,4889.00
1994,2,40463.00,25745.00,18414.00,8867.00,5691.00
1994,3,35447.00,21110.00,18265.00,6531.00,5733.00
1994,4,26918.00,18188.00,16795.00,4841.00,3730.00
1994,5,37093.00,20750.00,13192.00,529.00,3875.00
1994,6,109122.00,44274.00,7547.00,6881.00,9575.00
1994,7,72604.00,32233.00,11980.00,4068.00,7374.00
1994,8,109068.00,39570.00,22964.00,4127.00,7714.00
1994,9,73775.00,36195.00,20778.00,3089.00,5120.00
1994,10,99400.00,49225.00,25830.00,5045.00,4215.00
1994,11,89543.00,35291.00,15892.00,3162.00,3419.00
1994,12,34094.00,16468.00,8425.00,1126.00,2619.00
1995,1,25494.00,13900.00,8315.00,3879.00,2906.00
1995,2,15365.00,8853.00,4731.00,1445.00,1759.00
1995,3,10069.00,7549.00,4697.00,1169.00,951.00
1995,4,21321.00,16222.00,11193.00,4848.00,2126.00
1995,5,87554.00,30049.00,24131.00,17695.00,13601.00
1995,6,384339.00,97814.00,96284.00,118439.00,101397.00
1995,7,460488.00,129734.00,124272.00,150007.00,187125.00
1995,8,265621.00,119737.00,101916.00,57276.00,66082.00
1995,9,96639.00,49555.00,27579.00,5648.00,12254.00
1995,10,112563.00,43620.00,27429.00,12756.00,10189.00
1995,11,74182.00,31045.00,22612.00,9087.00,7756.00
1995,12,35251.00,23679.00,17133.00,2975.00,2468.00
1996,1,36643.00,24349.00,17189.00,3830.00,3246.00
1996,2,32885.00,26770.00,26145.00,4615.00,1551.00
1996,3,30245.00,20521.00,18123.00,11536.00,3076.00
1996,4,46029.00,39591.00,54689.00,8823.00,3487.00
1996,5,25388.00,27144.00,26966.00,6678.00,3021.00
1996,6,122066.00,77732.00,70971.00,42030.00,23748.00
1996,7,322081.00,157362.00,153311.00,118545.00,169281.00
1996,8,583666.00,178637.00,172455.00,145987.00,163017.00
1996,9,426860.00,124769.00,83435.00,18642.00,25306.00
1996,10,441192.00,154440.00,136937.00,117841.00,88648.00
1996,11,74851.00,49008.00,30148.00,14149.00,9348.00
1996,12,44486.00,29982.00,18227.00,6369.00,4558.00
1997,1,27568.00,18990.00,12228.00,3459.00,2589.00
1997,2,15558.00,11425.00,7658.00,2538.00,1846.00
1997,3,13241.00,9891.00,7279.00,1939.00,1691.00
1997,4,10643.00,9188.00,6948.00,2402.00,1986.00
1997,5,20445.00,16522.00,11083.00,1541.00,3318.00
1997,6,25609.00,14843.00,8815.00,3626.00,4358.00
1997,7,28597.00,13913.00,8715.00,2260.00,3526.00
1997,8,67954.00,29602.00,16983.00,3737.00,12210.00
1997,9,174009.00,63735.00,38227.00,25887.00,26532.00
1997,10,41828.00,20601.00,12227.00,2506.00,4035.00
1997,11,42168.00,19394.00,10984.00,7782.00,4558.00
1997,12,15972.00,9640.00,5360.00,1512.00,1620.00
1998,1,10279.00,7310.00,4237.00,1217.00,1374.00
1998,2,7237.00,6548.00,3397.00,1141.00,1241.00
1998,3,4765.00,3991.00,2519.00,904.00,1323.00
1998,4,9478.00,7800.00,4463.00,2862.00,1957.00
1998,5,10996.00,10680.00,6420.00,860.00,2317.00
1998,6,40069.00,19888.00,13641.00,2494.00,3710.00
1998,7,127130.00,42973.00,30722.00,12883.00,15012.00
1998,8,133048.00,47860.00,35197.00,7000.00,16743.00
1998,9,284520.00,59608.00,36082.00,25500.00,27369.00
1998,10,214540.00,56742.00,24045.00,7192.00,19836.00
1998,11,95832.00,34338.00,16944.00,9770.00,12047.00
1998,12,40848.00,20864.00,9581.00,2779.00,2477.00
1999,1,20597.00,13785.00,6411.00,2652.00,1528.00
1999,2,10340.00,9025.00,4647.00,1128.00,1215.00
1999,3,10626.00,11075.00,5127.00,1726.00,1514.00
1999,4,14119.00,15076.00,6140.00,2287.00,10839.00
1999,5,22155.00,17554.00,3925.00,2368.00,3375.00
1999,6,86042.00,34688.00,16544.00,7357.00,27142.00
1999,7,61674.00,26323.00,10967.00,5298.00,9342.00
1999,8,237095.00,70435.00,58657.00,37101.00,71682.00
1999,9,171527.00,44442.00,28769.00,10908.00,25393.00
1999,10,83105.00,36558.00,25320.00,13210.00,8024.00
1999,11,50806.00,25095.00,12762.00,7484.00,7645.00
1999,12,33697.00,20704.00,11193.00,5966.00,3384.00
2000,1,23209.00,16022.00,11328.00,2444.00,2358.00
2000,2,12188.00,10137.00,5670.00,1475.00,1585.00
2000,3,9358.00,9597.00,4851.00,1346.00,1719.00
2000,4,10917.00,11666.00,4847.00,2293.00,2315.00
2000,5,35472.00,20039.00,10149.00,15148.00,4167.00
2000,6,121392.00,43309.00,23849.00,11190.00,8049.00
2000,7,200288.00,63721.00,47079.00,41204.00,28249.00
2000,8,208425.00,65985.00,51396.00,19337.00,24088.00
2000,9,407144.00,125784.00,88746.00,34541.00,57622.00
2000,10,222924.00,67501.00,55640.00,48700.00,25684.00
2000,11,218551.00,70670.00,101420.00,132701.00,64447.00
2000,12,57749.00,26191.00,21448.00,5722.00,4023.00
2001,1,24097.00,16274.00,10695.00,3963.00,2481.00
2001,2,13246.00,9903.00,6069.00,2951.00,2938.00
2001,3,13256.00,11854.00,8105.00,4064.00,2060.00
2001,4,11295.00,10187.00,11717.00,12646.00,2190.00
2001,5,9605.00,9275.00,7053.00,6027.00,2596.00
2001,6,38452.00,18026.00,10918.00,7821.00,5487.00
2001,7,40103.00,14768.00,9542.00,7048.00,5855.00
2001,8,179235.00,43090.00,22232.00,6502.00,12378.00
2001,9,171222.00,42185.00,25613.00,9245.00,12905.00
2001,10,194884.00,51803.00,26241.00,8742.00,12386.00
2001,11,107227.00,50257.00,25426.00,6540.00,5207.00
2001,12,40660.00,22803.00,13421.00,1799.00,2059.00
2002,1,24562.00,16291.00,8403.00,1199.00,1556.00
2002,2,15719.00,11255.00,6477.00,1578.00,1263.00
2002,3,11384.00,8615.00,5169.00,1193.00,1284.00
2002,4,10650.00,9778.00,4988.00,1385.00,1316.00
2002,5,17851.00,11754.00,7089.00,7673.00,1572.00
2002,6,60056.00,18344.00,8174.00,6711.00,2862.00
2002,7,117343.00,31121.00,12975.00,6996.00,3728.00
2002,8,67235.00,24839.00,11908.00,5547.00,3306.00
2002,9,108880.00,29620.00,13587.00,2968.00,3348.00
2002,10,60454.00,25346.00,12483.00,533.00,1867.00
2002,11,30478.00,17653.00,9012.00,3380.00,1026.00
2002,12,22192.00,13790.00,6178.00,1064.00,1262.00
2003,1,12048.00,9323.00,3700.00,1158.00,1265.00
2003,2,7041.00,5984.00,2359.00,311.00,1112.00
2003,3,8139.00,7104.00,3172.00,295.00,1216.00
2003,4,14821.00,8723.00,4046.00,1170.00,2745.00
2003,5,21091.00,13020.00,7250.00,3398.00,3622.00
2003,6,79628.00,26813.00,11935.00,3415.00,4337.00
2003,7,214131.00,55775.00,40475.00,21929.00,30309.00
2003,8,348426.00,84330.00,57252.00,32575.00,37971.00
2003,9,315814.00,84090.00,44973.00,7625.00,20971.00
2003,10,159600.00,59014.00,25354.00,9722.00,8926.00
2003,11,93075.00,46518.00,22160.00,3402.00,4391.00
2003,12,43631.00,23410.00,15183.00,9251.00,3244.00
2004,1,21435.00,14651.00,6880.00,913.00,1370.00
2004,2,10461.00,9219.00,4417.00,507.00,1163.00
2004,3,6768.00,6637.00,3442.00,535.00,1259.00
2004,4,9226.00,8752.00,4472.00,854.00,1234.00
2004,5,15390.00,13260.00,7537.00,1482.00,1400.00
2004,6,83420.00,34597.00,8721.00,1933.00,2850.00
2004,7,167298.00,49835.00,18651.00,5848.00,5798.00
2004,8,266642.00,87515.00,41132.00,783.00,12435.00
2004,9,263701.00,97403.00,61692.00,16160.00,25083.00
2004,10,80595.00,43645.00,24565.00,9013.00,6100.00
2004,11,122013.00,63854.00,69411.00,23332.00,7529.00
2004,12,56511.00,28661.00,20268.00,6172.00,4483.00
2005,1,24453.00,16580.00,10416.00,1213.00,1285.00
2005,2,40682.00,23706.00,36311.00,28213.00,21979.00
2005,3,15776.00,11370.00,9612.00,2101.00,1460.00
2005,4,12471.00,9428.00,6645.00,1869.00,1402.00
2005,5,11560.00,10335.00,8813.00,1783.00,1508.00
2005,6,45195.00,21868.00,8418.00,3118.00,7386.00
2005,7,82148.00,30918.00,11423.00,6137.00,10113.00
2005,8,274338.00,72633.00,23717.00,11388.00,27646.00
2005,9,281301.00,85446.00,50845.00,16839.00,33592.00
2005,10,110706.00,51026.00,25835.00,17074.00,13646.00
2005,11,63334.00,35093.00,17153.00,14606.00,17719.00
2005,12,49856.00,25137.00,10660.00,3581.00,3765.00
2006,1,18801.00,13888.00,5749.00,1252.00,1383.00
2006,2,9926.00,9007.00,3998.00,1276.00,1134.00
2006,3,9272.00,8195.00,3920.00,1093.00,1310.00
2006,4,14558.00,12848.00,5896.00,1685.00,1362.00
2006,5,28966.00,18910.00,7669.00,762.00,2244.00
2006,6,14020.00,10717.00,4485.00,812.00,2065.00
2006,7,27128.00,15052.00,6343.00,1805.00,3510.00
2006,8,27206.00,15552.00,8056.00,3277.00,2699.00
2006,9,24503.00,12064.00,10626.00,2866.00,1964.00
2006,10,12118.00,8594.00,9015.00,1010.00,1250.00
2006,11,8129.00,5834.00,3753.00,893.00,1170.00
2006,12,4438.00,3695.00,2640.00,214.00,1209.00
2007,1,4912.00,3394.00,2050.00,191.00,1102.00
2007,2,4260.00,2157.00,1121.00,117.00,954.00
2007,3,14081.00,4428.00,2075.00,475.00,888.00
2007,4,13000.00,3556.00,1860.00,636.00,1187.00
2007,5,49716.00,11457.00,3265.00,1127.00,1704.00
2007,6,148947.00,16116.00,5668.00,1023.00,3825.00
2007,7,239048.00,42231.00,25574.00,19409.00,11924.00
2007,8,152739.00,33735.00,16485.00,10201.00,5433.00
2007,9,62826.00,21330.00,10109.00,3554.00,2503.00
2007,10,68877.00,17152.00,6798.00,1569.00,1664.00
2007,11,73893.00,10169.00,4696.00,1118.00,1998.00
2007,12,60678.00,11642.00,12678.00,23664.00,3942.00
2008,1,32478.00,8631.00,5237.00,2014.00,4025.00
2008,2,16692.00,5066.00,3066.00,1064.00,1177.00
2008,3,10424.00,3992.00,2126.00,789.00,1243.00
2008,4,10742.00,4461.00,2183.00,716.00,1200.00
2008,5,16756.00,7423.00,3005.00,1935.00,1228.00
2008,6,24588.00,10091.00,3677.00,2209.00,1252.00
2008,7,122233.00,24849.00,7271.00,5423.00,3321.00
2008,8,121126.00,35839.00,15601.00,7712.00,3673.00
2008,9,91769.00,22651.00,8563.00,5399.00,2927.00
2008,10,44121.00,12218.00,5635.00,5480.00,1343.00
2008,11,37194.00,15047.00,7081.00,2007.00,1452.00
2008,12,48007.00,14767.00,7173.00,3239.00,1287.00
2009,1,21366.00,7185.00,3279.00,289.00,1168.00
2009,2,7735.00,3900.00,1815.00,113.00,1120.00
2009,3,10246.00,7250.00,3254.00,168.00,1244.00
2009,4,15175.00,10635.00,4016.00,770.00,1203.00
2009,5,17026.00,7831.00,2700.00,2031.00,1227.00
2009,6,30014.00,12647.00,3954.00,2284.00,1446.00
2009,7,133563.00,32762.00,6010.00,4476.00,2764.00
2009,8,143451.00,36339.00,6217.00,4658.00,4602.00
2009,9,212295.00,57595.00,21263.00,3712.00,5078.00
2009,10,197896.00,64170.00,28568.00,15337.00,5069.00
2009,11,52496.00,27237.00,12657.00,2803.00,1484.00
2009,12,30199.00,20789.00,8317.00,818.00,1356.00
2010,1,19591.00,19180.00,11887.00,4957.00,1041.00
2010,2,14822.00,11807.00,5886.00,3320.00,1092.00
2010,3,34503.00,19941.00,10897.00,10081.00,6136.00
2010,4,36317.00,18144.00,6701.00,2298.00,1765.00
2010,5,44204.00,17512.00,5117.00,5327.00,2114.00
2010,6,94283.00,35375.00,11668.00,4220.00,5838.00
2010,7,154791.00,67872.00,28828.00,24534.00,14927.00
2010,8,417475.00,144851.00,87595.00,62862.00,71340.00
2010,9,537401.00,188853.00,105472.00,87154.00,137226.00
2010,10,144769.00,71574.00,45728.00,7909.00,20434.00
2010,11,181406.00,77100.00,92983.00,140985.00,26789.00
2010,12,264542.00,106064.00,99371.00,117183.00,133171.00
2011,1,112564.00,63481.00,87661.00,101380.00,33144.00
2011,2,129593.00,51650.00,42871.00,55162.00,35121.00
2011,3,58468.00,38746.00,25018.00,9120.00,7228.00
2011,4,54797.00,45760.00,43308.00,9984.00,6248.00
2011,5,64388.00,50445.00,35607.00,9096.00,5371.00
2011,6,141613.00,69682.00,45153.00,10860.00,6062.00
2011,7,291537.00,113638.00,66959.00,11221.00,19342.00
2011,8,200569.00,84128.00,67789.00,45181.00,46480.00
2011,9,89232.00,49245.00,31171.00,16069.00,8904.00
2011,10,114016.00,60661.00,48882.00,18994.00,16459.00
2011,11,84857.00,49240.00,51549.00,21351.00,4559.00
2011,12,72740.00,42081.00,33819.00,6947.00,4233.00
2012,1,36895.00,23647.00,18439.00,2601.00,1680.00
2012,2,31613.00,22257.00,16525.00,19325.00,4196.00
2012,3,103101.00,39116.00,29204.00,38303.00,106894.00
2012,4,38634.00,22223.00,13647.00,6076.00,4277.00
2012,5,49659.00,28990.27,25197.26,1527.00,3311.00
2012,6,224728.00,46759.81,40641.88,4587.00,7138.00
2012,7,276627.00,110707.91,96223.18,38401.00,36516.00
2012,8,257146.00,111576.31,96977.96,57596.00,26594.00
2012,9,225079.00,74428.09,64690.12,10372.00,11693.00
2012,10,79426.00,40476.28,35180.47,4212.00,4993.00
2012,11,45055.00,24663.14,21436.28,3576.00,1493.00
2012,12,31914.00,18140.65,15767.18,2108.00,523.00
2013,1,14068.00,10274.32,8930.06,476.00,20.00
2013,2,11454.00,7731.70,6720.10,560.00,1.00
2013,3,17282.00,8942.40,7772.40,1628.00,937.00
2013,4,14763.00,8106.29,7045.68,1310.00,296.00
2013,5,26296.00,13294.37,11554.97,2033.00,699.00
2013,6,49407.00,12570.03,10925.40,3092.00,2690.00
2013,7,181778.00,27137.70,23587.08,12655.00,10880.00
2013,8,511311.00,73245.21,63662.00,25187.00,37662.00
2013,9,171317.00,57104.18,49632.82,31941.00,15726.00
2013,10,107732.00,38244.66,33240.83,6497.00,4853.00
2013,11,52754.00,24942.34,21678.95,4263.00,2063.00
2013,12,48763.00,24292.03,21113.72,3155.00,1475.00
2014,1,19975.00,12453.78,10824.36,804.00,677.00
2014,2,10336.00,7022.76,6103.92,462.00,16.00
2014,3,11663.00,7437.59,6464.48,974.00,0.00
2014,4,16396.00,9936.99,8636.86,2529.00,1622.00
2014,5,37105.00,14605.92,12694.92,4970.00,1871.00
2014,6,127654.00,26828.19,23318.06,16548.00,20807.00
2014,7,339581.00,84033.72,73038.97,25832.00,44821.00
2014,8,174056.00,55824.92,48520.93,13819.00,11769.00
2014,9,70165.00,34072.53,29614.57,9614.00,5808.00
2014,10,51633.00,26269.29,22832.29,9341.00,1846.00
2014,11,30089.00,16317.40,14182.47,2802.00,667.00
2014,12,21004.00,11317.60,9836.84,1470.00,659.00
2015,1,15348.00,8621.96,7493.89,1205.00,532.00
2015,2,10397.00,6158.83,5353.02,811.00,152.00
2015,3,8456.00,6345.63,5515.38,701.00,0.00
2015,4,13772.00,7157.89,6221.37,1360.00,1.00
2015,5,43955.00,13657.53,11870.61,3699.00,621.00
2015,6,34185.00,10879.92,9456.42,5671.00,872.00
2015,7,89906.00,20252.05,17602.33,3654.00,1971.00
2015,8,132933.00,29727.52,25838.05,5987.00,3343.00
2015,9,68926.00,20015.58,17396.79,8147.00,1798.00
2015,10,32866.00,19155.12,16648.91,8087.00,147.00
2015,11,25753.00,11776.15,10235.39,1653.00,313.00
2015,12,12570.00,7257.25,6307.73,289.00,0.00
2016,1,10806.00,6666.06,5793.89,4395.00,209.00
2016,2,7559.00,4693.27,4079.21,1076.00,479.00
2016,3,7963.00,5396.74,4690.64,479.00,0.00
2016,4,6995.00,5003.77,4349.09,533.00,0.00
2016,5,54446.00,12575.50,10930.15,4886.00,974.00
2016,6,123462.00,21900.93,19035.47,12350.00,14249.00
2016,7,372038.00,48663.55,42296.54,39992.00,58903.00
2016,8,356023.00,69527.66,60430.84,54418.00,72547.00
2016,9,306573.00,79837.25,69391.56,117840.00,80514.00
2016,10,419310.00,104398.55,90739.32,112246.00,93071.00
2016,11,86686.00,38695.26,33632.47,9119.00,6242.00
2016,12,49635.00,22521.93,19575.22,5900.00,4832.00
2017,1,28383.00,12736.96,11070.49,2530.00,6453.00
2017,2,16113.00,9160.50,7961.96,1264.00,355.00
2017,3,11453.00,7555.83,6567.25,1510.00,25.00
2017,4,18030.00,11371.75,9883.90,5893.00,1412.00
2017,5,19155.00,8393.93,7295.69,7886.00,1768.00
2017,6,21005.00,5754.43,5001.54,3569.00,2231.00
2017,7,56255.00,19999.18,17382.54,14969.00,5365.00
2017,8,268764.00,40656.62,35337.22,24374.00,35744.00
2017,9,223868.00,37432.89,32535.27,12344.00,6942.00
2017,10,87686.00,25065.05,21785.61,9871.00,3752.00
2017,11,46031.00,15532.45,13500.23,6236.00,1787.00
2017,12,184884.00,45234.14,39315.82,26972.00,52008.00
2018,1,32223.00,15005.35,13042.09,3681.00,877.00
2018,2,14769.00,8833.60,7677.84,1413.00,259.00
2018,3,11320.00,6710.28,5832.32,754.00,0.00
2018,4,14047.00,7248.31,6299.96,1173.00,43.00
2018,5,16696.00,5469.77,4754.12,7340.00,4845.00
2018,6,77010.00,11711.56,10179.25,15716.00,9887.00
