Year,Month,A,B,C,D,E,F,G
1911,01,24.95,24.50,26.76,27.27,26.63,26.74,29.56
1911,02,24.31,23.68,25.43,26.14,24.70,24.63,27.32
1911,03,21.26,20.27,21.86,22.63,21.28,21.46,23.98
1911,04,16.44,15.97,17.63,17.98,17.02,17.04,19.98
1911,05,12.96,12.65,14.27,14.43,13.95,14.24,16.64
1911,06,8.56,8.30,9.57,9.55,9.09,9.67,11.35
1911,07,8.73,8.58,10.22,10.07,10.13,10.70,12.62
1911,08,12.17,12.10,13.82,13.54,13.59,13.71,16.13
1911,09,13.96,13.68,15.56,15.62,15.64,15.72,18.56
1911,10,16.84,16.29,18.20,18.72,17.99,17.74,21.39
1911,11,21.95,21.37,24.11,24.73,24.99,25.11,28.48
1911,12,21.90,21.20,23.78,24.52,23.72,23.20,27.43
1912,01,25.49,24.72,27.10,27.92,27.19,27.40,30.33
1912,02,26.98,26.07,28.69,29.81,29.43,29.98,32.63
1912,03,23.49,22.54,24.69,25.60,24.91,25.53,27.88
1912,04,16.72,15.93,17.62,18.40,16.96,16.88,20.40
1912,05,13.90,13.56,15.35,15.60,15.24,15.60,17.97
1912,06,10.44,10.18,11.53,11.53,11.19,11.72,13.41
1912,07,8.86,8.74,10.28,10.06,10.09,10.62,12.21
1912,08,11.19,11.29,12.84,12.35,12.39,12.65,14.49
1912,09,13.40,13.21,14.77,14.61,14.40,14.35,16.87
1912,10,17.22,17.01,18.97,19.12,18.82,18.65,21.90
1912,11,19.11,18.74,20.77,21.08,20.38,20.15,23.40
1912,12,21.71,21.00,23.69,24.14,24.27,24.49,27.26
1913,01,24.87,23.77,26.23,27.32,26.60,27.03,29.61
1913,02,26.26,25.24,27.60,28.87,27.79,27.87,31.09
1913,03,20.27,19.47,21.27,21.93,20.80,20.79,24.02
1913,04,19.13,18.58,20.44,21.09,20.03,20.14,23.18
1913,05,12.15,11.58,13.27,13.73,13.10,13.31,15.80
1913,06,10.12,9.73,11.12,11.34,10.80,11.40,13.10
1913,07,9.74,9.54,11.12,11.04,10.90,11.19,13.39
1913,08,10.42,10.00,11.74,11.88,11.57,11.92,14.40
1913,09,13.17,13.00,14.67,14.50,14.53,14.61,17.07
1913,10,17.40,16.90,18.83,19.22,18.71,18.73,21.81
1913,11,18.78,18.30,20.48,20.97,20.27,20.17,23.64
1913,12,25.27,24.89,27.57,27.94,27.79,27.93,30.82
1914,01,25.92,25.06,27.57,28.36,27.96,28.31,31.04
1914,02,28.16,27.58,29.93,30.64,30.21,30.68,33.05
1914,03,24.28,23.28,25.34,26.13,25.58,26.33,28.31
1914,04,17.72,17.44,19.11,19.13,18.55,18.67,21.43
1914,05,13.46,13.12,14.87,14.97,14.90,15.29,17.39
1914,06,11.36,11.14,12.63,12.57,12.38,12.58,14.89
1914,07,9.00,8.72,10.51,10.40,10.70,10.98,13.22
1914,08,12.08,11.83,13.60,13.49,13.45,13.81,16.27
1914,09,14.51,13.53,15.78,16.71,16.42,16.60,19.97
1914,10,21.62,20.80,23.15,24.22,23.52,24.10,27.05
1914,11,23.13,22.35,24.85,25.92,25.01,25.58,28.78
1914,12,23.16,22.27,25.05,26.06,25.35,25.50,29.28
1915,01,25.53,24.76,26.90,27.68,26.55,27.11,29.82
1915,02,26.15,25.06,27.39,28.81,27.46,28.08,31.05
1915,03,22.63,21.86,23.60,24.39,22.79,23.17,25.88
1915,04,17.80,17.08,18.80,19.53,18.16,18.23,21.34
1915,05,12.46,12.20,13.90,13.96,13.73,13.89,16.19
1915,06,10.00,9.78,11.15,11.04,10.78,10.99,13.18
1915,07,10.19,10.22,11.84,11.43,11.66,12.03,13.88
1915,08,10.64,10.37,12.06,11.82,11.95,12.28,14.38
1915,09,13.88,13.97,15.50,15.00,14.99,14.87,17.59
1915,10,15.45,15.38,17.10,16.92,16.74,16.56,19.42
1915,11,19.32,19.18,21.26,21.31,20.80,20.60,23.93
1915,12,23.10,21.94,24.99,26.17,25.96,26.19,29.86
1916,01,26.02,25.16,27.56,28.49,27.64,27.92,30.92
1916,02,25.29,24.44,26.69,27.85,26.51,26.63,30.09
1916,03,22.94,21.85,23.93,24.94,24.02,24.66,27.06
1916,04,16.73,16.14,17.74,18.14,17.18,17.63,20.05
1916,05,13.70,13.37,15.10,15.28,14.97,15.53,17.59
1916,06,9.47,9.35,10.63,10.40,10.23,10.65,12.29
1916,07,9.19,9.11,10.58,10.36,10.16,10.62,12.51
1916,08,10.09,10.00,11.64,11.26,11.42,11.68,13.70
1916,09,13.96,13.17,15.11,15.67,15.37,15.46,18.62
1916,10,15.51,15.51,17.17,16.94,16.77,16.93,19.14
1916,11,17.05,16.96,18.82,18.74,18.31,18.39,21.04
1916,12,22.59,22.14,24.51,24.87,24.21,23.99,27.54
1917,01,25.09,24.13,26.59,27.53,26.90,27.39,30.12
1917,02,23.18,22.50,24.54,25.24,24.42,24.97,27.18
1917,03,21.57,20.49,22.39,23.35,22.17,22.66,25.17
1917,04,16.25,15.47,17.24,18.01,16.82,17.23,19.90
1917,05,11.98,11.86,13.51,13.46,13.23,13.48,15.68
1917,06,9.88,9.56,10.88,10.91,10.55,11.10,12.69
1917,07,9.11,9.17,10.70,10.23,10.41,10.70,12.60
1917,08,11.16,10.95,12.61,12.44,12.41,12.68,14.57
1917,09,13.47,13.27,14.86,14.76,14.60,14.81,17.10
1917,10,16.01,15.90,17.53,17.44,17.06,17.44,19.53
1917,11,18.56,18.39,20.33,20.38,20.02,20.32,22.63
1917,12,24.37,23.86,26.54,26.83,27.07,27.43,30.10
1918,01,25.59,25.31,27.56,27.66,27.79,28.63,30.18
1918,02,24.69,24.33,26.35,26.71,26.20,26.81,28.59
1918,03,22.06,21.13,22.89,23.69,22.52,23.21,25.30
1918,04,17.03,16.28,17.98,18.72,17.51,17.89,20.48
1918,05,13.87,13.65,15.27,15.31,14.93,15.15,17.35
1918,06,10.71,10.46,11.83,11.80,11.52,11.87,13.76
1918,07,8.48,8.30,9.95,9.66,10.04,10.37,12.10
1918,08,11.63,11.56,13.22,12.93,12.92,13.04,15.24
1918,09,14.84,14.40,16.23,16.30,16.47,16.64,19.10
1918,10,15.73,15.20,17.04,17.41,16.86,16.91,19.76
1918,11,20.03,19.05,21.54,22.69,21.82,21.89,25.54
1918,12,23.75,23.17,25.88,26.45,26.12,26.22,29.42
1919,01,26.00,25.25,27.71,28.53,27.83,28.25,31.07
1919,02,27.16,26.70,29.01,29.68,29.06,29.38,31.71
1919,03,20.89,19.88,21.76,22.65,21.53,21.46,24.37
1919,04,20.14,19.68,21.57,21.84,21.53,22.14,24.12
1919,05,14.04,13.51,15.32,15.69,15.40,15.68,17.83
1919,06,10.67,10.24,11.72,11.89,11.56,11.91,14.00
1919,07,9.25,8.92,10.62,10.74,10.52,10.77,13.15
1919,08,11.60,11.34,13.14,13.08,13.16,13.38,15.76
1919,09,15.31,15.06,16.89,16.79,16.92,16.92,19.66
1919,10,18.60,17.97,20.04,20.67,20.04,19.95,23.27
1919,11,22.43,21.61,24.20,25.16,24.63,24.52,28.24
1919,12,24.88,24.15,26.84,27.57,27.12,27.20,30.46
1920,01,23.84,22.65,25.14,26.36,25.48,25.69,29.10
1920,02,26.79,25.98,28.41,29.39,28.83,29.53,31.68
1920,03,22.23,21.47,23.47,23.98,23.45,23.91,26.31
1920,04,17.48,16.74,18.59,19.26,18.32,18.73,21.44
1920,05,12.01,11.41,13.19,13.62,13.22,13.57,15.91
1920,06,10.46,10.26,11.53,11.50,10.88,11.20,13.29
1920,07,9.64,9.71,11.35,10.83,11.27,11.47,13.48
1920,08,10.17,9.89,11.54,11.33,11.47,11.84,13.73
1920,09,13.23,13.00,14.65,14.46,14.56,14.69,16.92
1920,10,17.41,17.08,18.97,19.09,19.03,19.49,21.44
1920,11,20.31,19.43,21.55,22.39,21.41,21.69,24.50
1920,12,24.01,23.46,26.19,26.56,26.69,26.86,29.68
1921,01,26.81,26.17,28.44,29.12,28.25,28.36,31.46
1921,02,26.74,26.40,28.67,29.15,28.86,29.22,31.54
1921,03,23.20,22.34,24.19,24.79,24.10,24.73,26.70
1921,04,18.49,18.00,19.80,20.09,19.55,20.00,22.30
1921,05,14.75,14.25,16.20,16.63,16.49,16.85,19.16
1921,06,10.81,10.48,11.89,11.93,11.59,11.90,14.01
1921,07,10.17,9.84,11.58,11.47,11.70,12.10,14.28
1921,08,10.26,10.04,11.72,11.42,11.63,11.90,14.09
1921,09,14.85,14.71,16.29,16.11,16.04,16.11,18.36
1921,10,16.25,15.89,17.81,17.93,18.00,18.29,20.57
1921,11,21.57,20.88,23.17,23.89,23.16,23.02,26.59
1921,12,22.13,20.99,23.88,25.06,24.48,24.12,28.33
1922,01,24.97,24.52,26.54,26.91,26.05,26.09,28.70
1922,02,26.91,26.18,28.46,29.44,28.41,28.48,31.57
1922,03,23.03,21.82,23.93,25.12,23.99,24.54,27.23
1922,04,19.32,18.57,20.34,21.08,19.90,20.37,22.90
1922,05,13.70,13.26,15.03,15.42,14.93,15.31,17.75
1922,06,10.73,10.40,11.90,12.11,11.67,12.06,14.19
1922,07,9.81,9.72,11.42,11.14,11.46,11.66,13.80
1922,08,10.12,9.79,11.62,11.64,11.67,11.90,14.43
1922,09,13.40,12.90,14.81,15.07,15.07,15.10,17.83
1922,10,17.32,16.82,18.82,19.23,18.84,18.64,22.06
1922,11,21.20,20.34,22.84,23.82,23.10,22.88,27.01
1922,12,23.56,23.14,25.66,26.17,25.46,25.05,28.86
1923,01,24.79,24.22,26.37,26.99,26.03,26.26,29.08
1923,02,26.08,24.76,27.61,29.25,28.61,28.91,32.26
1923,03,23.65,22.27,24.53,25.95,24.82,25.29,28.25
1923,04,20.72,20.12,22.43,22.91,23.11,23.83,26.02
1923,05,14.65,14.45,16.02,16.31,15.40,15.51,18.19
1923,06,10.25,10.23,11.45,11.22,10.84,11.08,12.97
1923,07,8.87,8.70,10.36,10.14,10.46,10.85,12.74
1923,08,10.56,10.29,12.00,11.79,11.99,12.08,14.31
1923,09,12.53,12.15,13.87,13.84,14.00,14.12,16.60
1923,10,16.08,15.69,17.59,17.83,17.63,17.79,20.55
1923,11,18.43,18.12,20.26,20.31,20.31,20.09,23.29
1923,12,23.28,22.27,24.98,25.87,25.35,25.06,29.00
1924,01,23.43,22.68,24.87,25.73,24.51,24.28,27.69
1924,02,23.31,22.71,24.69,25.40,24.20,23.96,27.19
1924,03,21.98,21.13,23.01,23.75,22.62,22.54,25.61
1924,04,15.16,14.68,16.25,16.51,15.67,15.85,18.45
1924,05,12.82,12.41,14.25,14.46,14.26,14.28,17.18
1924,06,9.32,8.83,10.20,10.46,9.82,10.20,12.28
1924,07,9.64,9.44,11.18,11.04,11.22,11.49,13.88
1924,08,11.19,10.84,12.66,12.63,12.61,12.72,15.40
1924,09,13.39,12.81,14.49,14.84,14.31,14.52,17.12
1924,10,16.99,16.39,18.19,18.64,18.00,18.09,21.06
1924,11,18.55,18.34,20.31,20.32,20.00,20.12,22.90
1924,12,21.73,21.15,23.79,24.20,24.16,23.95,27.22
1925,01,24.18,23.64,25.82,26.19,25.76,25.75,28.58
1925,02,23.67,23.33,25.35,25.76,25.02,25.11,27.77
1925,03,22.90,21.80,23.87,24.85,24.02,24.37,27.19
1925,04,19.38,18.97,20.90,21.24,20.62,20.90,23.67
1925,05,13.46,12.99,14.83,15.14,14.99,15.45,17.39
1925,06,10.91,10.31,11.95,12.31,12.12,12.70,14.61
1925,07,8.88,8.30,9.91,10.44,9.65,9.92,12.32
1925,08,10.67,10.23,12.07,12.24,12.09,12.15,14.65
1925,09,12.48,11.87,13.63,13.99,13.68,13.78,16.42
1925,10,18.57,18.13,20.10,20.75,19.73,19.31,23.04
1925,11,20.79,20.04,22.54,23.47,22.89,22.79,26.35
1925,12,23.54,22.21,25.14,26.77,25.74,25.50,29.73
1926,01,24.34,23.20,25.63,26.93,25.82,26.05,29.20
1926,02,27.62,26.92,29.06,30.10,28.74,29.07,31.63
1926,03,24.28,23.85,25.79,26.07,25.62,25.62,28.04
1926,04,17.94,17.78,19.41,19.21,19.01,19.46,21.23
1926,05,11.50,11.28,12.88,12.81,12.65,12.82,15.01
1926,06,10.77,10.53,11.78,11.70,11.35,11.61,13.37
1926,07,10.46,10.14,11.87,11.73,12.00,11.98,14.40
1926,08,10.66,10.36,12.05,11.86,11.91,12.11,14.43
1926,09,15.02,14.84,16.67,16.37,16.90,17.07,19.41
1926,10,17.37,17.23,18.92,18.95,18.37,18.19,21.29
1926,11,20.74,20.39,22.67,23.02,22.63,22.09,25.91
1926,12,23.57,23.48,26.08,26.11,26.12,25.50,29.12
1927,01,26.43,25.59,27.95,29.01,27.89,27.94,31.10
1927,02,25.66,24.89,27.07,28.14,26.94,26.89,29.88
1927,03,21.95,20.85,22.85,23.96,22.69,22.80,25.89
1927,04,17.11,16.22,18.19,19.14,18.00,17.91,21.45
1927,05,12.54,12.47,14.16,14.00,14.09,14.51,16.51
1927,06,10.05,10.00,11.42,11.27,11.06,11.20,13.37
1927,07,8.83,8.75,10.29,10.07,9.93,10.10,12.45
1927,08,10.39,10.27,11.99,11.64,11.87,11.94,14.38
1927,09,13.77,13.39,15.35,15.30,15.81,15.97,18.55
1927,10,18.85,18.40,20.43,20.62,20.79,20.79,23.42
1927,11,22.66,22.22,24.76,25.28,25.27,25.38,28.50
1927,12,24.41,24.08,26.68,26.99,26.82,26.59,29.69
1928,01,24.59,24.09,25.98,26.40,25.36,25.10,27.98
1928,02,25.04,24.46,26.43,27.18,25.88,25.23,28.79
1928,03,23.38,22.75,24.65,25.03,24.46,24.40,27.28
1928,04,18.65,18.78,20.40,19.85,19.99,20.32,22.15
1928,05,12.50,12.39,14.05,13.84,13.84,13.84,16.35
1928,06,10.28,10.00,11.36,11.37,10.89,10.99,13.24
1928,07,9.91,9.61,11.22,11.07,11.10,11.42,13.48
1928,08,12.69,12.36,14.13,14.19,13.87,13.91,16.74
1928,09,16.46,15.98,17.69,17.93,17.31,17.10,20.28
1928,10,15.48,15.36,16.86,16.84,15.97,15.94,18.75
1928,11,21.49,20.80,23.16,24.09,23.03,22.64,26.72
1928,12,24.40,23.82,26.73,27.27,27.44,27.55,30.65
1929,01,26.01,25.05,27.23,28.41,26.80,26.77,30.02
1929,02,27.18,26.67,29.13,29.99,29.36,29.47,32.57
1929,03,22.66,21.79,23.67,24.54,23.27,23.31,26.12
1929,04,17.23,16.51,18.07,18.62,17.38,17.72,20.30
1929,05,13.69,13.30,15.06,15.30,14.86,14.80,17.66
1929,06,10.06,9.88,11.22,11.19,10.62,10.77,13.20
1929,07,8.40,8.15,9.81,9.76,9.63,9.66,12.26
1929,08,10.71,10.28,12.07,12.17,11.92,12.01,14.66
1929,09,13.63,13.19,15.13,15.41,15.26,15.19,18.18
1929,10,16.90,16.33,18.42,18.90,18.68,18.61,21.57
1929,11,18.96,18.20,20.47,21.36,20.42,20.10,23.86
1929,12,21.29,20.71,23.18,23.66,23.28,23.21,26.08
1930,01,25.71,25.00,27.44,28.30,27.43,27.13,30.56
1930,02,28.40,27.50,29.99,31.25,30.28,30.38,33.47
1930,03,24.50,23.36,25.49,26.78,25.44,25.55,28.69
1930,04,18.58,17.85,19.79,20.52,19.58,19.54,22.74
1930,05,14.09,13.90,15.59,15.66,15.28,15.35,17.90
1930,06,11.30,10.89,12.44,12.79,12.16,12.21,14.89
1930,07,10.49,10.09,11.70,11.82,11.51,11.88,14.03
1930,08,10.78,10.39,12.20,12.17,12.26,12.50,14.79
1930,09,14.00,13.87,15.53,15.29,15.33,15.26,17.93
1930,10,18.30,18.25,20.04,19.97,19.69,19.62,22.34
1930,11,20.97,20.70,22.81,23.08,22.36,21.86,25.63
1930,12,22.64,22.14,24.70,25.09,24.84,24.72,28.10
1931,01,23.29,22.60,24.53,25.14,23.87,23.63,26.73
1931,02,25.16,24.31,26.48,27.24,26.51,26.61,29.25
1931,03,22.01,21.21,23.09,23.79,22.75,22.83,25.69
1931,04,16.50,16.05,17.79,18.05,17.49,17.88,20.13
1931,05,13.44,13.46,14.88,14.62,14.23,14.43,16.35
1931,06,9.70,9.55,10.83,10.71,10.33,10.60,12.44
1931,07,9.00,8.96,10.50,10.22,10.13,10.34,12.47
1931,08,10.24,10.15,11.77,11.43,11.46,11.60,13.89
1931,09,13.68,13.55,15.23,15.00,15.10,15.05,17.51
1931,10,16.53,16.04,17.98,18.23,18.00,17.78,20.88
1931,11,19.52,18.99,21.30,21.82,21.31,20.93,24.72
1931,12,23.69,22.50,25.70,26.91,26.91,26.97,30.75
1932,01,28.05,27.05,29.43,30.69,29.24,29.12,32.90
1932,02,23.36,22.71,24.65,25.43,24.08,23.77,26.85
1932,03,22.17,21.25,23.11,23.83,22.82,22.97,25.75
1932,04,16.92,16.69,18.25,18.37,17.41,17.42,20.14
1932,05,13.78,13.22,15.13,15.54,15.33,15.55,18.32
1932,06,9.85,9.67,10.97,10.90,10.46,10.74,12.72
1932,07,9.14,8.98,10.57,10.49,10.30,10.45,12.69
1932,08,10.79,10.43,12.06,12.16,11.64,11.70,14.32
1932,09,13.99,13.73,15.72,15.67,16.23,16.58,18.66
1932,10,15.41,15.07,16.80,16.94,16.51,16.43,19.12
1932,11,21.08,20.56,22.85,23.35,22.87,22.84,26.18
1932,12,21.93,21.20,23.73,24.40,23.74,23.67,27.08
1933,01,24.03,23.59,25.67,26.17,25.09,25.00,27.89
1933,02,24.88,24.21,26.56,27.34,26.77,26.97,29.77
1933,03,23.74,22.83,24.69,25.57,24.18,24.25,27.15
1933,04,18.16,17.97,19.71,19.90,19.01,19.07,21.86
1933,05,13.08,12.78,14.58,14.75,14.50,14.60,17.17
1933,06,11.33,11.02,12.42,12.50,12.02,12.27,14.58
1933,07,10.14,9.95,11.62,11.53,11.52,11.86,13.90
1933,08,10.31,10.13,11.78,11.62,11.41,11.53,13.99
1933,09,13.06,12.66,14.37,14.39,14.36,14.39,17.03
1933,10,18.91,18.77,20.56,20.58,20.11,19.96,23.08
1933,11,21.03,20.81,22.98,23.45,22.54,22.15,25.84
1933,12,22.15,21.78,24.15,24.24,24.21,24.31,26.81
1934,01,26.15,25.36,27.57,28.40,27.45,27.76,30.55
1934,02,25.21,24.45,26.55,27.28,26.59,26.91,29.33
1934,03,25.43,25.01,26.92,27.07,26.90,27.35,29.32
1934,04,16.75,16.18,17.82,18.25,17.26,17.17,20.22
1934,05,15.27,14.90,16.89,17.00,17.24,17.45,20.03
1934,06,10.71,10.25,11.85,12.08,12.01,12.43,14.45
1934,07,10.47,10.38,11.99,11.78,11.85,12.17,14.16
1934,08,11.02,10.81,12.50,12.31,12.34,12.51,14.88
1934,09,14.41,14.04,15.76,15.69,15.73,15.43,18.50
1934,10,16.32,16.08,17.71,17.79,17.21,17.14,19.89
1934,11,19.56,19.04,21.08,21.59,20.76,20.63,23.80
1934,12,22.32,21.79,24.29,24.65,24.48,24.55,27.42
1935,01,24.68,23.63,25.81,26.98,25.51,25.56,28.68
1935,02,24.58,23.91,26.07,26.95,25.88,25.79,28.84
1935,03,21.93,20.95,22.99,23.81,22.97,22.97,26.09
1935,04,17.07,16.92,18.43,18.45,17.62,17.70,20.20
1935,05,12.55,12.32,13.97,13.99,13.76,14.04,16.29
1935,06,9.82,9.55,10.91,10.95,10.55,11.06,12.90
1935,07,9.47,9.62,11.14,10.62,10.83,11.34,13.06
1935,08,11.87,11.81,13.53,13.30,13.19,13.34,15.98
1935,09,13.72,13.59,15.33,15.21,15.20,15.44,17.72
1935,10,17.16,16.82,18.56,18.84,18.15,18.17,20.93
1935,11,20.08,19.49,21.58,22.10,21.36,21.27,24.47
1935,12,23.72,23.27,25.77,26.09,25.87,25.95,28.75
1936,01,25.73,25.35,27.35,27.72,26.83,26.92,29.30
1936,02,25.61,25.06,27.21,27.95,27.12,27.45,29.81
1936,03,24.96,24.58,26.41,26.68,25.95,26.22,28.47
1936,04,16.56,15.91,17.68,18.13,17.36,17.48,20.27
1936,05,14.72,14.78,16.57,16.50,16.32,16.76,18.87
1936,06,9.59,9.41,10.77,10.67,10.43,10.75,12.59
1936,07,9.18,9.28,10.85,10.40,10.65,11.11,12.82
1936,08,11.24,11.28,12.93,12.55,12.46,12.36,15.06
1936,09,12.51,12.03,13.87,13.96,14.15,14.22,16.77
1936,10,16.75,16.58,18.37,18.38,18.05,18.10,20.68
1936,11,19.79,19.39,21.64,22.02,21.55,21.51,24.94
1936,12,22.54,22.18,24.74,25.09,24.76,24.71,27.85
1937,01,23.52,22.95,24.95,25.48,24.39,24.22,27.14
1937,02,25.65,25.40,27.65,28.07,27.51,27.57,30.37
1937,03,23.50,23.22,25.16,25.18,25.02,25.34,27.48
1937,04,17.04,16.46,18.29,18.74,18.10,18.44,20.94
1937,05,13.50,13.23,14.87,14.98,14.57,14.91,17.13
1937,06,10.00,9.61,11.27,11.45,11.52,12.10,13.78
1937,07,9.80,9.75,11.38,11.19,11.12,11.28,13.57
1937,08,12.44,12.39,14.25,14.06,14.09,14.18,16.85
1937,09,14.37,14.23,16.02,15.77,16.03,16.04,18.70
1937,10,17.70,17.38,19.48,19.62,19.68,19.46,22.71
1937,11,22.03,21.65,24.20,24.59,24.72,24.76,27.95
1937,12,23.55,23.23,25.64,26.13,25.15,24.50,28.35
1938,01,25.48,25.06,27.14,27.58,26.55,26.48,29.38
1938,02,24.52,24.37,26.46,26.59,26.28,26.35,28.64
1938,03,23.92,22.81,25.08,26.13,25.32,25.29,28.64
1938,04,20.08,20.15,21.91,21.82,21.29,21.33,23.93
1938,05,15.59,15.53,17.43,17.43,17.46,17.65,20.14
1938,06,9.96,9.80,11.14,11.14,10.57,10.87,13.15
1938,07,8.87,9.04,10.62,10.12,10.42,11.03,12.75
1938,08,10.92,10.93,12.65,12.24,12.47,12.56,14.82
1938,09,14.55,14.47,16.27,16.05,16.17,15.96,18.94
1938,10,19.22,19.23,21.40,21.38,21.54,21.43,24.44
1938,11,22.71,22.32,24.72,25.25,24.80,24.73,28.07
1938,12,23.74,23.06,25.92,26.60,26.49,26.47,29.75
1939,01,28.17,27.43,30.32,31.48,30.82,31.13,34.77
1939,02,27.06,26.19,28.51,29.62,28.61,29.19,31.67
1939,03,22.09,21.84,23.64,23.57,23.48,23.99,25.64
1939,04,17.44,16.99,18.58,18.72,18.24,18.78,20.86
1939,05,14.47,14.03,15.63,15.91,15.39,15.84,18.12
1939,06,10.22,10.17,11.33,11.08,10.77,11.26,12.65
1939,07,8.38,8.29,9.82,9.54,9.67,10.14,11.85
1939,08,9.95,9.75,11.37,11.19,11.02,11.16,13.64
1939,09,13.48,13.02,14.69,14.78,14.65,14.78,17.47
1939,10,16.41,16.26,18.02,17.95,17.83,17.88,20.56
1939,11,18.83,18.69,20.64,20.65,20.16,19.93,22.91
1939,12,22.45,22.14,24.57,24.89,24.24,23.85,27.36
1940,01,25.65,25.10,27.28,27.91,26.74,26.54,29.90
1940,02,24.39,24.03,26.13,26.63,25.67,25.58,28.44
1940,03,28.02,27.76,29.57,29.79,28.84,29.24,31.39
1940,04,17.42,17.16,18.71,18.81,17.91,18.10,20.59
1940,05,12.53,12.41,14.13,14.02,13.94,14.14,16.49
1940,06,10.19,10.26,11.63,11.23,11.14,11.30,13.52
1940,07,9.99,10.15,11.71,11.21,11.26,11.29,13.72
1940,08,12.16,12.20,14.04,13.53,14.05,14.17,16.47
1940,09,15.06,14.98,16.71,16.52,16.51,16.29,19.08
1940,10,20.40,20.71,22.59,22.31,22.10,21.93,24.71
1940,11,19.26,18.85,21.09,21.64,20.86,20.41,24.24
1940,12,24.93,24.78,27.32,27.39,27.23,26.92,30.39
1941,01,23.38,22.12,24.66,25.82,25.53,25.97,28.68
1941,02,24.51,24.19,26.19,26.53,25.80,25.83,28.37
1941,03,20.84,20.16,22.08,22.54,21.91,21.94,24.30
1941,04,19.41,18.86,20.86,21.38,20.93,21.08,24.06
1941,05,13.54,13.28,15.11,15.16,15.10,14.98,17.58
1941,06,10.28,10.06,11.58,11.55,11.55,11.54,13.76
1941,07,9.28,9.16,10.72,10.43,10.65,10.76,12.70
1941,08,11.04,10.99,12.95,12.64,13.17,13.01,15.67
1941,09,13.70,13.44,15.13,15.15,15.01,14.82,17.60
1941,10,15.23,14.85,16.75,17.09,16.40,16.01,19.36
1941,11,20.58,20.04,22.37,22.97,22.58,22.40,25.85
1941,12,23.66,22.91,25.59,26.30,26.09,26.12,29.42
1942,01,26.25,25.68,28.06,28.65,28.04,27.87,31.01
1942,02,25.06,24.62,26.85,27.36,26.71,26.80,29.50
1942,03,23.68,22.82,24.87,25.57,24.92,25.27,27.32
1942,04,17.41,16.65,18.61,19.25,18.63,18.87,21.69
1942,05,12.79,12.47,14.25,14.21,14.34,14.47,16.62
1942,06,10.65,10.61,12.00,11.68,11.71,11.57,13.56
1942,07,9.16,9.08,10.71,10.25,10.80,10.86,12.72
1942,08,10.93,10.88,12.57,12.11,12.34,12.25,14.53
1942,09,14.41,14.53,16.18,15.65,15.94,15.77,18.19
1942,10,17.23,17.61,19.53,19.05,19.18,18.85,21.60
1942,11,19.74,19.56,21.72,21.89,21.59,21.03,24.60
1942,12,24.24,23.82,26.58,26.89,27.15,27.04,30.19
1943,01,26.51,26.12,28.21,28.43,27.92,27.83,30.40
1943,02,25.02,24.24,26.65,27.57,26.64,26.73,30.24
1943,03,23.96,23.21,25.44,26.30,25.42,25.61,28.41
1943,04,16.28,15.96,17.60,17.64,17.23,17.09,19.46
1943,05,12.47,12.50,14.36,14.15,14.40,14.33,16.59
1943,06,9.07,8.96,10.53,10.42,10.56,10.64,12.60
1943,07,8.80,8.73,10.39,10.01,10.45,10.46,12.66
1943,08,9.22,9.57,11.38,10.63,11.29,11.14,13.35
1943,09,12.79,12.76,14.59,14.30,14.78,14.87,17.17
1943,10,15.74,15.50,17.61,17.70,17.79,17.56,20.62
1943,11,18.78,18.38,20.57,21.03,20.74,20.58,23.66
1943,12,22.01,21.32,24.15,24.93,24.86,24.75,28.52
1944,01,26.77,25.90,28.29,29.08,28.73,29.11,31.47
1944,02,24.88,24.37,26.42,27.06,26.04,26.12,28.60
1944,03,23.11,22.63,24.68,24.76,24.80,25.14,26.91
1944,04,15.08,14.63,16.31,16.53,16.02,16.20,18.54
1944,05,11.76,11.60,13.28,13.14,13.22,13.24,15.31
1944,06,9.44,9.14,10.76,10.75,11.05,11.19,13.13
1944,07,9.00,8.82,10.57,10.37,10.74,10.72,13.13
1944,08,10.38,10.11,12.21,12.19,12.72,12.86,15.34
1944,09,15.83,15.39,17.30,17.49,17.47,17.41,20.34
1944,10,17.98,17.80,19.83,19.80,19.81,19.53,22.35
1944,11,20.75,20.23,22.67,23.33,23.07,22.76,26.37
1944,12,23.24,22.87,25.19,25.53,25.18,24.97,27.72
1945,01,24.55,23.81,26.18,26.98,26.44,26.61,29.30
1945,02,23.02,22.23,24.43,25.40,24.40,24.68,27.38
1945,03,20.71,19.69,21.77,22.73,21.76,21.74,24.65
1945,04,16.65,16.04,18.18,18.87,18.56,18.97,21.72
1945,05,12.81,12.64,14.63,14.62,15.00,15.31,17.49
1945,06,11.20,10.87,12.59,12.72,13.04,13.54,15.22
1945,07,8.08,7.75,9.52,9.39,10.03,10.19,12.06
1945,08,10.95,10.85,12.57,12.09,12.59,12.68,14.58
1945,09,13.18,12.97,14.64,14.36,14.73,14.94,16.84
1945,10,16.36,16.07,18.03,18.02,18.13,18.15,20.56
1945,11,20.96,20.86,22.80,22.69,22.64,22.33,24.92
1945,12,24.70,23.60,26.54,27.62,27.72,28.24,31.21
1946,01,26.75,25.66,27.87,28.92,27.86,27.83,30.73
1946,02,23.74,22.92,24.87,25.65,24.61,24.96,27.06
1946,03,20.03,19.51,21.09,21.12,20.55,20.44,22.44
1946,04,15.64,14.71,16.58,17.27,16.64,16.60,19.55
1946,05,13.29,12.81,14.53,14.68,14.43,14.54,16.88
1946,06,9.14,8.68,10.25,10.48,10.40,10.43,12.66
1946,07,9.75,9.52,11.15,10.87,11.25,11.41,13.34
1946,08,10.25,10.12,11.88,11.52,11.83,11.69,14.01
1946,09,12.47,11.64,13.65,14.03,14.29,14.43,17.28
1946,10,15.41,14.76,16.87,17.45,16.92,16.72,20.14
1946,11,19.89,19.57,21.82,22.04,21.99,21.57,24.84
1946,12,23.24,22.65,25.23,25.80,25.62,25.80,28.58
1947,01,26.60,25.90,28.21,28.78,28.29,28.13,31.07
1947,02,27.54,27.52,29.52,29.62,28.97,28.99,31.13
1947,03,22.79,22.19,23.94,24.35,23.36,23.22,25.56
1947,04,17.86,17.22,19.03,19.39,19.12,19.33,21.70
1947,05,15.98,15.71,17.50,17.45,17.56,17.66,19.85
1947,06,10.89,10.65,12.16,12.04,12.22,12.33,14.25
1947,07,9.07,8.88,10.43,10.12,10.42,10.50,12.31
1947,08,9.87,9.62,11.38,11.12,11.41,11.38,13.56
1947,09,13.77,13.43,15.14,15.00,15.24,15.18,17.44
1947,10,15.82,15.32,17.15,17.36,16.98,16.97,19.49
1947,11,18.04,17.43,19.67,20.12,20.06,19.93,23.02
1947,12,22.06,21.32,23.63,24.25,23.70,23.67,26.56
1948,01,23.85,22.94,25.27,26.05,25.67,25.63,28.84
1948,02,25.84,25.42,27.44,27.88,27.02,27.14,29.64
1948,03,20.68,19.65,21.68,22.55,21.74,22.06,24.42
1948,04,16.96,16.06,17.98,18.68,18.25,18.76,21.05
1948,05,11.58,11.43,13.12,12.86,13.12,13.19,15.18
1948,06,9.90,9.63,11.13,11.07,11.18,11.47,13.05
1948,07,8.20,8.02,9.72,9.36,10.02,10.25,12.20
1948,08,11.83,11.67,13.45,13.08,13.37,13.49,15.69
1948,09,15.12,15.00,16.77,16.46,16.79,16.75,19.25
1948,10,15.79,15.35,17.25,17.47,17.00,16.80,19.80
1948,11,19.15,18.65,20.75,20.95,20.78,20.36,23.62
1948,12,23.97,23.37,25.66,26.09,25.51,25.33,28.45
1949,01,24.26,23.46,25.76,26.50,26.00,26.30,28.94
1949,02,22.85,21.93,23.97,25.00,23.61,24.07,26.38
1949,03,20.85,19.62,21.73,22.93,21.93,22.33,25.05
1949,04,16.01,14.98,16.94,17.70,17.34,17.68,20.35
1949,05,12.06,11.55,13.37,13.54,13.58,13.90,15.97
1949,06,8.52,7.73,9.38,9.85,9.84,10.29,12.21
1949,07,9.11,8.99,10.64,10.19,10.86,11.12,12.86
1949,08,11.26,10.98,12.81,12.60,12.87,12.99,15.31
1949,09,13.83,13.37,15.23,15.33,15.60,15.91,18.20
1949,10,16.25,16.12,17.81,17.55,17.28,17.08,19.59
1949,11,18.00,17.52,19.59,19.68,19.74,19.77,22.46
1949,12,21.07,19.82,22.47,23.64,23.07,23.32,26.76
1950,01,24.59,23.57,25.87,26.78,26.04,26.40,28.98
1950,02,23.08,22.35,24.40,25.17,24.24,24.56,27.06
1950,03,21.46,20.62,22.69,23.44,22.92,23.38,25.60
1950,04,17.07,16.70,18.47,18.49,18.45,18.78,21.07
1950,05,13.01,12.53,14.40,14.67,14.51,14.67,17.27
1950,06,9.53,8.56,10.41,11.11,11.34,12.09,13.78
1950,07,10.14,9.91,11.58,11.47,11.66,12.00,13.80
1950,08,11.38,11.21,13.01,12.83,12.97,13.16,15.26
1950,09,15.29,15.12,16.79,16.59,16.60,16.63,19.02
1950,10,16.47,16.21,18.12,18.19,18.15,18.46,20.63
1950,11,20.08,19.38,21.54,22.17,21.79,21.79,24.87
1950,12,24.97,24.65,27.21,27.59,27.64,28.05,30.59
1951,01,28.18,28.17,30.33,30.40,30.21,30.54,32.41
1951,02,26.45,25.95,27.97,28.72,27.44,27.56,30.27
1951,03,24.78,23.72,25.69,26.83,25.32,25.53,28.32
1951,04,14.99,14.22,15.83,16.37,15.44,15.55,18.19
1951,05,12.65,12.35,13.97,13.90,13.79,14.06,16.06
1951,06,10.96,10.52,12.16,12.48,12.34,12.58,14.60
1951,07,9.32,9.09,10.62,10.31,10.52,10.56,12.47
1951,08,9.16,8.95,10.74,10.58,10.76,10.82,13.05
1951,09,14.24,13.58,15.53,15.91,15.96,16.22,18.90
1951,10,16.19,15.97,17.93,17.98,18.00,18.16,20.50
1951,11,19.37,18.94,21.10,21.40,21.19,20.86,23.99
1951,12,23.01,22.03,24.74,25.79,25.35,25.51,28.85
1952,01,25.99,24.90,27.33,28.65,27.54,27.82,30.79
1952,02,24.26,23.04,25.35,27.11,25.09,25.11,28.95
1952,03,23.91,22.71,24.98,26.15,25.46,26.19,28.45
1952,04,15.88,15.19,17.04,17.56,17.11,17.45,19.78
1952,05,12.23,11.79,13.48,13.57,13.45,13.81,15.73
1952,06,10.12,9.99,11.47,11.26,11.42,11.54,13.33
1952,07,8.25,8.24,9.92,9.56,10.08,10.25,12.19
1952,08,10.48,10.10,12.05,12.18,12.24,12.45,14.99
1952,09,14.16,13.51,15.30,15.60,15.48,15.63,18.36
1952,10,15.75,15.35,17.18,17.39,16.94,16.79,19.50
1952,11,17.79,17.43,19.45,19.60,19.51,19.41,22.08
1952,12,21.93,21.25,23.70,24.38,23.87,23.86,27.10
1953,01,24.82,24.07,26.44,27.41,26.58,26.50,29.94
1953,02,24.81,24.14,26.40,27.36,26.51,27.20,29.47
1953,03,24.73,23.83,26.02,27.02,26.21,26.90,29.23
1953,04,18.79,18.25,20.03,20.37,19.88,20.26,22.48
1953,05,13.90,13.28,15.22,15.57,15.60,15.89,18.31
1953,06,9.78,9.44,10.99,10.97,11.07,11.19,13.17
1953,07,9.53,9.49,11.14,10.78,11.12,11.08,13.41
1953,08,10.22,9.98,11.77,11.57,11.73,11.83,14.12
1953,09,13.25,12.85,14.66,14.62,14.95,15.22,17.37
1953,10,16.04,15.91,17.79,17.73,17.69,17.62,20.22
1953,11,18.79,18.34,20.38,20.72,20.26,19.89,23.20
1953,12,23.83,23.13,25.51,26.28,25.29,24.82,28.52
1954,01,26.79,25.91,28.20,29.21,28.27,28.51,31.27
1954,02,22.66,21.71,23.92,25.15,23.88,23.90,27.38
1954,03,22.30,21.63,23.59,24.16,23.33,23.40,25.73
1954,04,19.06,18.47,20.25,20.76,19.91,19.95,22.73
1954,05,13.30,12.88,14.61,14.72,14.57,14.86,17.03
1954,06,10.20,9.91,11.41,11.41,11.40,11.46,13.51
1954,07,9.43,8.96,10.84,11.00,11.39,11.95,14.01
1954,08,11.26,10.93,12.77,12.77,12.78,12.89,15.34
1954,09,14.20,13.62,15.53,15.83,15.92,16.17,18.85
1954,10,17.25,16.64,18.75,19.46,18.81,18.69,22.05
1954,11,18.95,18.32,20.64,21.40,21.10,21.02,24.46
1954,12,23.28,22.90,25.30,25.64,25.48,25.40,28.36
1955,01,26.44,25.84,28.01,28.58,27.99,28.18,30.56
1955,02,24.81,24.26,26.29,26.97,25.95,26.33,28.94
1955,03,22.19,21.11,23.25,24.24,23.57,24.15,26.61
1955,04,18.35,17.69,19.47,19.97,19.30,19.51,22.09
1955,05,12.25,12.04,13.70,13.61,13.52,13.74,15.77
1955,06,9.88,9.70,11.21,11.17,11.15,11.32,13.14
1955,07,8.78,8.65,10.24,9.93,10.28,10.49,12.38
1955,08,11.21,11.01,12.68,12.39,12.51,12.57,14.65
1955,09,14.08,13.82,15.53,15.34,15.65,15.91,17.91
1955,10,16.57,16.28,18.00,17.91,17.75,17.76,20.01
1955,11,18.33,17.86,19.80,19.94,19.61,19.30,22.16
1955,12,21.60,20.97,23.33,23.76,23.46,23.22,26.30
1956,01,23.74,23.05,25.34,26.02,25.60,25.57,28.45
1956,02,26.95,27.04,29.42,29.65,29.77,30.38,32.47
1956,03,23.05,22.74,24.72,24.84,24.89,25.44,26.79
1956,04,17.28,16.81,18.41,18.44,18.12,18.10,20.23
1956,05,12.23,11.92,13.66,13.57,13.87,14.19,15.84
1956,06,9.52,9.18,10.65,10.58,10.74,10.90,12.54
1956,07,8.98,8.98,10.56,10.06,10.63,10.77,12.37
1956,08,9.79,9.73,11.46,11.03,11.41,11.47,13.54
1956,09,13.07,12.89,14.62,14.41,14.74,14.85,16.98
1956,10,14.28,14.00,15.78,15.71,15.71,15.85,17.91
1956,11,16.68,16.10,18.23,18.67,18.48,18.35,21.30
1956,12,21.93,21.26,23.62,24.16,23.64,23.45,26.54
1957,01,25.56,24.48,27.05,28.30,27.27,27.42,30.57
1957,02,25.27,24.65,26.98,28.03,26.58,26.81,29.81
1957,03,21.62,21.05,23.27,24.10,22.94,23.17,25.86
1957,04,16.34,16.24,18.38,18.57,18.40,18.69,21.02
1957,05,12.54,12.50,14.52,14.58,14.53,14.65,17.40
1957,06,12.75,12.77,14.66,14.69,14.91,15.27,17.44
1957,07,9.47,9.15,10.78,11.08,10.45,10.76,12.83
1957,08,11.54,11.29,13.15,13.23,13.07,13.33,15.75
1957,09,12.92,12.58,14.51,14.86,14.77,14.99,17.80
1957,10,15.94,15.47,17.65,18.15,17.73,17.64,21.10
1957,11,18.69,18.36,20.89,21.36,21.40,20.96,24.83
1957,12,23.06,22.18,24.81,25.80,25.24,25.26,29.16
1958,01,24.05,22.78,25.29,27.09,25.25,25.29,29.30
1958,02,24.52,23.93,26.34,27.55,26.27,26.88,29.61
1958,03,21.06,20.54,22.95,23.75,23.30,23.57,26.22
1958,04,19.79,18.86,20.89,22.16,20.72,21.00,24.24
1958,05,12.80,12.71,14.63,14.55,14.86,15.11,17.51
1958,06,10.14,9.68,11.42,12.00,11.43,11.66,14.03
1958,07,7.80,7.74,9.66,9.68,9.95,10.30,12.45
1958,08,9.86,9.73,11.60,11.53,11.56,11.73,13.88
1958,09,12.73,12.31,14.01,14.37,13.86,14.18,16.55
1958,10,14.56,14.36,16.29,16.33,16.31,16.53,18.67
1958,11,21.05,20.25,22.25,22.94,22.34,22.30,25.80
1958,12,21.21,20.28,22.66,23.97,22.43,22.32,26.42
1959,01,28.41,27.74,29.94,31.04,29.97,30.52,33.26
1959,02,24.60,23.92,26.09,27.14,26.13,26.61,29.59
1959,03,22.24,21.30,23.08,24.20,22.90,23.62,26.20
1959,04,18.19,17.95,19.69,19.67,19.95,20.53,22.56
1959,05,14.32,13.78,15.45,15.60,15.74,15.99,18.15
1959,06,10.72,10.40,11.98,12.11,12.15,12.39,14.54
1959,07,9.55,9.33,10.93,10.76,10.96,11.18,13.14
1959,08,11.62,11.48,13.27,12.95,13.63,13.98,16.37
1959,09,13.21,12.82,14.65,14.89,14.76,14.89,17.99
1959,10,15.72,15.68,17.61,17.67,17.44,17.50,20.17
1959,11,23.30,22.25,24.20,25.48,24.22,24.38,28.21
1959,12,20.83,20.62,23.01,23.24,23.16,23.23,26.36
1960,01,27.38,26.69,28.97,29.61,29.37,29.73,32.45
1960,02,23.44,22.80,24.83,25.61,24.62,25.13,27.38
1960,03,23.14,22.45,24.34,24.90,24.39,24.96,27.37
1960,04,15.82,15.53,17.34,17.41,17.30,17.55,19.85
1960,05,10.23,10.17,11.94,11.56,12.03,12.19,14.13
1960,06,9.04,8.86,10.59,10.63,10.80,11.00,12.88
1960,07,8.88,8.75,10.36,10.02,10.46,10.62,12.40
1960,08,9.30,9.18,10.82,10.51,10.84,11.09,13.25
1960,09,12.60,12.34,13.96,13.93,13.88,14.20,16.32
1960,10,16.34,16.24,18.16,18.01,18.29,18.42,21.02
1960,11,17.15,16.64,18.48,18.87,18.42,18.40,21.69
1960,12,25.61,24.93,26.96,27.30,26.88,27.09,30.23
1961,01,28.19,27.57,29.64,29.90,30.17,30.76,32.81
1961,02,25.92,25.35,27.19,27.65,27.17,27.82,30.12
1961,03,23.11,22.21,24.03,24.88,23.89,24.23,26.97
1961,04,18.20,17.73,19.37,19.53,19.21,19.30,21.69
1961,05,13.22,12.88,14.56,14.45,14.83,15.24,17.34
1961,06,11.06,10.70,12.18,12.09,12.33,12.71,14.45
1961,07,9.04,8.92,10.65,10.38,10.94,11.14,13.29
1961,08,11.64,11.33,12.90,12.68,12.71,12.90,15.05
1961,09,15.27,15.07,16.80,16.50,17.05,17.29,19.65
1961,10,20.18,19.68,21.56,21.93,21.26,20.86,24.61
1961,11,21.73,21.14,22.99,23.36,22.89,22.78,25.93
1961,12,24.95,24.33,26.39,26.82,26.46,26.73,29.60
1962,01,26.32,25.57,27.31,27.78,27.43,28.17,30.15
1962,02,24.60,23.90,25.84,26.55,25.75,26.40,28.55
1962,03,24.29,23.56,25.26,25.74,24.94,25.23,27.58
1962,04,19.44,18.82,20.39,20.47,20.60,21.03,23.08
1962,05,11.34,11.31,13.04,12.52,13.34,13.63,15.39
1962,06,10.09,10.23,11.75,11.09,12.38,12.84,14.36
1962,07,10.94,10.49,11.88,11.53,11.86,12.11,13.58
1962,08,10.08,9.93,11.67,11.27,11.82,12.03,14.06
1962,09,13.60,13.27,15.12,15.06,15.35,15.39,17.96
1962,10,14.44,14.19,16.05,16.05,16.10,16.24,19.24
1962,11,20.47,19.78,21.65,22.07,21.80,21.66,25.17
1962,12,22.76,22.18,24.34,24.93,24.67,24.87,28.03
1963,01,24.51,24.01,26.05,26.38,26.41,26.55,29.02
1963,02,23.68,22.88,25.11,26.16,25.09,25.07,29.01
1963,03,23.10,21.99,23.83,24.87,23.36,23.32,26.63
1963,04,18.23,17.29,19.02,19.76,18.80,18.87,21.66
1963,05,13.41,12.73,14.48,14.97,14.09,14.24,16.83
1963,06,10.16,9.89,11.40,11.33,11.53,11.80,13.25
1963,07,8.24,8.07,9.68,9.35,9.90,10.25,11.78
1963,08,10.74,10.58,12.25,11.80,12.43,12.68,14.53
1963,09,13.09,12.93,14.76,14.38,15.27,15.50,17.50
1963,10,19.66,18.96,20.48,20.77,20.40,20.75,23.21
1963,11,19.73,19.12,20.99,21.27,21.40,21.76,24.64
1963,12,24.05,23.28,25.62,26.52,25.90,26.14,29.58
1964,01,24.60,24.03,26.23,26.54,26.69,27.00,29.21
1964,02,23.96,23.03,25.16,26.42,24.75,24.82,28.70
1964,03,23.35,22.19,24.41,25.44,24.56,24.54,27.68
1964,04,18.33,17.17,18.86,19.78,18.77,19.08,21.70
1964,05,12.28,12.22,13.87,13.57,14.08,14.45,16.45
1964,06,9.82,9.68,11.21,11.22,11.49,11.69,13.83
1964,07,7.92,7.97,9.62,9.16,9.94,10.21,12.24
1964,08,9.99,10.06,11.84,11.27,11.97,12.19,14.07
1964,09,12.68,12.54,14.19,13.78,14.39,14.59,16.69
1964,10,14.18,14.08,15.97,15.70,16.14,16.35,18.56
1964,11,20.23,19.34,21.36,22.21,21.38,21.07,25.06
1964,12,19.02,18.49,20.96,21.54,21.21,20.95,24.69
1965,01,23.80,22.57,25.11,26.47,25.59,25.78,29.00
1965,02,27.12,25.78,27.89,29.22,28.00,28.50,31.37
1965,03,23.24,22.20,24.40,25.22,24.62,24.91,27.40
1965,04,15.77,15.14,17.21,17.75,17.24,17.32,19.96
1965,05,12.83,12.71,14.50,14.34,14.68,14.94,17.23
1965,06,10.82,10.42,11.97,12.03,11.99,12.16,14.18
1965,07,8.91,8.53,10.05,9.89,10.06,10.26,12.04
1965,08,11.54,11.27,12.85,12.54,12.75,12.83,14.95
1965,09,14.98,14.65,16.36,16.20,16.46,16.63,19.06
1965,10,18.94,18.39,20.61,20.92,20.83,20.55,23.76
1965,11,18.74,18.12,20.33,20.65,20.83,20.73,23.66
1965,12,24.58,23.77,26.00,26.64,26.39,26.78,29.70
1966,01,27.27,26.22,28.33,29.21,28.48,28.66,31.57
1966,02,23.44,22.60,24.98,26.05,25.09,25.41,28.42
1966,03,21.98,21.26,23.19,23.67,23.15,23.22,25.73
1966,04,16.91,16.32,18.21,18.44,18.36,18.30,21.08
1966,05,12.73,12.45,14.20,14.10,14.27,14.45,16.62
1966,06,10.05,9.56,10.88,10.87,10.98,11.19,12.50
1966,07,8.23,8.05,9.85,9.52,10.24,10.32,12.53
1966,08,10.56,10.33,12.01,11.67,12.06,12.16,14.16
1966,09,13.42,13.10,14.72,14.66,14.74,14.82,17.22
1966,10,16.27,15.76,17.67,17.87,17.64,17.58,20.24
1966,11,20.31,19.75,21.89,22.05,22.44,22.42,25.21
1966,12,21.24,20.75,22.96,23.32,23.49,23.76,26.47
1967,01,24.51,23.25,25.43,26.77,25.62,25.90,29.15
1967,02,26.63,25.82,27.89,28.63,28.30,29.00,31.12
1967,03,22.93,22.07,23.94,24.53,23.99,24.16,26.57
1967,04,19.56,18.82,20.68,21.13,21.00,21.30,23.64
1967,05,14.88,14.44,16.11,16.19,16.28,16.57,18.40
1967,06,12.82,11.97,13.65,14.14,14.05,14.48,16.07
1967,07,9.55,9.30,10.89,10.79,11.09,11.35,13.32
1967,08,10.39,10.11,11.87,11.64,12.22,12.61,14.50
1967,09,13.47,13.08,14.85,14.82,15.27,15.55,18.05
1967,10,18.73,18.14,19.94,20.02,20.35,20.68,22.85
1967,11,21.17,20.43,22.63,23.05,23.14,23.06,25.91
1967,12,21.28,20.61,23.06,23.72,23.57,23.73,26.71
1968,01,27.70,26.77,28.98,29.71,29.59,30.00,32.33
1968,02,29.11,28.17,29.90,30.46,29.76,29.80,32.34
1968,03,25.29,24.41,26.11,26.62,26.15,26.25,28.55
1968,04,19.09,18.84,20.42,20.21,20.51,20.49,22.76
1968,05,10.50,10.46,12.11,11.69,12.28,12.42,14.37
1968,06,9.15,8.90,10.36,10.21,10.53,10.61,12.29
1968,07,8.51,8.14,9.68,9.50,9.82,9.94,11.67
1968,08,9.87,9.91,11.59,11.09,11.73,11.84,13.87
1968,09,12.78,12.45,14.08,13.82,14.32,14.32,16.77
1968,10,15.49,15.19,17.11,16.79,17.57,17.41,20.20
1968,11,18.19,17.88,20.09,19.99,20.55,20.11,23.43
1968,12,22.50,21.65,24.01,24.84,24.32,24.25,27.61
1969,01,27.72,26.92,29.27,29.91,29.88,30.18,32.75
1969,02,25.58,24.65,26.55,27.42,26.20,26.25,29.07
1969,03,22.08,21.09,22.82,23.34,22.99,23.32,25.20
1969,04,17.65,16.97,18.46,18.59,18.74,19.24,21.05
1969,05,12.46,12.11,13.67,13.62,13.77,14.06,15.80
1969,06,10.57,10.09,11.57,11.63,11.83,11.99,13.69
1969,07,10.44,10.27,11.64,11.17,11.82,12.01,13.57
1969,08,12.45,11.87,13.44,13.43,13.44,13.55,15.75
1969,09,10.67,10.31,12.17,12.23,12.46,12.47,14.74
1969,10,18.36,17.39,19.30,20.07,19.45,19.48,22.63
1969,11,19.70,19.05,21.23,21.81,21.41,20.76,24.43
1969,12,21.13,20.60,22.99,23.44,23.23,22.65,26.31
1970,01,23.54,22.73,24.93,25.85,25.03,24.84,28.29
1970,02,26.26,25.47,27.82,28.86,27.99,28.15,31.30
1970,03,21.20,20.61,22.65,23.14,22.79,22.84,25.18
1970,04,17.10,17.01,18.71,18.58,19.01,19.15,21.33
1970,05,11.84,11.51,13.23,13.29,13.30,13.30,15.45
1970,06,10.50,10.30,11.60,11.33,11.78,11.88,13.44
1970,07,8.84,8.93,10.55,9.91,10.92,11.12,13.01
1970,08,9.55,9.61,11.44,10.97,11.61,11.62,13.75
1970,09,11.65,11.60,13.23,12.77,13.31,13.27,15.22
1970,10,16.53,16.07,17.87,17.76,17.96,17.72,20.48
1970,11,20.08,19.68,21.65,21.86,21.74,21.50,24.55
1970,12,23.18,22.50,24.84,25.45,25.11,24.88,28.22
1971,01,25.17,24.43,26.95,27.87,27.07,26.72,30.29
1971,02,25.95,25.40,27.44,28.00,27.06,27.14,29.57
1971,03,24.53,23.87,25.97,26.55,25.98,26.04,28.26
1971,04,19.13,18.78,20.66,20.80,21.04,21.30,23.35
1971,05,12.51,12.36,14.27,14.11,14.59,14.65,16.78
1971,06,9.20,9.08,10.80,10.55,11.25,11.30,13.28
1971,07,9.22,9.06,10.69,10.38,10.89,10.95,12.83
1971,08,9.74,9.85,11.68,11.04,11.97,11.96,14.18
1971,09,12.82,12.63,14.46,14.13,14.66,14.35,17.09
1971,10,14.70,14.63,16.58,16.38,16.72,16.21,19.44
1971,11,18.30,17.69,19.70,20.15,20.09,19.76,23.01
1971,12,22.75,22.28,24.54,24.97,24.62,24.09,27.53
1972,01,24.59,23.89,26.30,27.15,26.26,25.79,29.26
1972,02,25.21,24.84,26.76,26.76,26.77,26.94,28.70
1972,03,22.03,21.16,23.07,23.72,23.16,23.16,25.75
1972,04,17.71,17.18,19.03,19.16,19.46,19.65,21.77
1972,05,14.88,14.43,16.43,16.55,16.70,16.61,18.72
1972,06,11.38,10.77,12.47,12.60,12.86,12.85,15.08
1972,07,8.90,8.97,10.67,10.16,10.83,10.72,13.13
1972,08,11.33,11.16,12.93,12.53,13.06,13.01,15.39
1972,09,15.51,15.21,17.12,16.88,17.47,17.35,20.06
1972,10,18.18,17.54,19.70,20.42,19.55,19.03,22.64
1972,11,20.71,19.85,22.11,22.96,22.54,22.23,25.61
1972,12,25.62,24.77,27.15,27.84,27.55,27.33,30.38
1973,01,28.21,27.09,29.22,30.04,29.31,29.09,32.00
1973,02,25.15,24.53,26.40,26.77,26.04,25.93,28.63
1973,03,19.96,18.95,20.93,21.74,20.93,20.83,23.88
1973,04,17.70,17.38,19.04,18.91,19.33,19.41,21.69
1973,05,12.56,12.39,13.85,13.35,13.84,13.92,15.76
1973,06,9.90,9.59,11.19,11.01,11.32,11.34,13.11
1973,07,10.76,10.04,11.61,11.72,11.94,12.12,13.64
1973,08,10.64,10.35,12.04,11.69,12.27,12.49,14.24
1973,09,14.12,13.90,15.54,15.07,15.68,15.67,17.62
1973,10,17.49,17.30,19.03,18.73,19.16,18.97,20.90
1973,11,18.74,18.16,20.30,20.80,20.63,20.22,23.56
1973,12,23.83,23.57,25.78,25.98,25.86,25.68,28.70
1974,01,26.39,26.11,28.08,28.14,27.91,27.94,29.89
1974,02,24.78,24.33,26.41,26.82,26.34,26.22,29.01
1974,03,25.12,24.60,26.51,26.79,26.71,26.88,28.70
1974,04,16.38,15.96,17.62,17.75,17.38,17.36,19.39
1974,05,14.12,13.84,15.55,15.60,15.45,15.54,17.53
1974,06,10.55,10.23,11.85,11.86,12.05,12.05,14.17
1974,07,9.04,9.05,10.73,10.25,10.98,11.09,13.03
1974,08,9.84,9.85,11.74,11.24,12.02,12.07,14.01
1974,09,11.65,11.51,13.41,13.04,13.79,13.78,15.80
1974,10,15.69,15.37,17.07,16.99,17.08,16.97,19.23
1974,11,17.85,17.44,19.45,19.65,19.92,19.84,22.70
1974,12,21.86,21.36,23.90,24.24,24.49,24.32,27.28
1975,01,23.48,22.64,25.16,25.85,25.78,25.70,28.43
1975,02,27.07,26.50,28.93,29.44,29.24,29.30,31.81
1975,03,20.83,20.43,22.40,22.44,22.75,22.79,25.06
1975,04,17.48,16.72,18.89,19.61,19.18,19.14,22.10
1975,05,13.48,13.48,15.19,14.67,15.47,15.67,17.58
1975,06,10.54,10.08,12.07,12.34,12.51,12.46,15.16
1975,07,10.63,10.60,12.41,11.96,12.87,12.94,15.33
1975,08,9.69,9.45,11.46,11.23,11.82,11.94,14.27
1975,09,14.53,14.15,15.93,15.75,16.13,16.21,18.56
1975,10,15.68,15.49,17.08,16.93,16.84,16.67,18.91
1975,11,20.53,20.09,22.05,22.31,22.32,22.17,25.08
1975,12,23.87,23.23,25.45,26.11,25.69,25.89,28.93
1976,01,24.50,23.87,26.04,26.42,26.65,27.07,28.94
1976,02,26.84,26.33,28.36,28.96,28.00,28.34,30.88
1976,03,23.38,22.65,24.82,25.53,24.93,24.94,27.63
1976,04,17.90,17.30,19.27,19.70,19.40,19.33,21.95
1976,05,13.27,12.87,14.87,15.01,15.10,15.14,17.60
1976,06,10.54,10.02,11.94,12.24,12.46,12.67,14.81
1976,07,9.71,9.47,11.27,11.14,11.54,11.53,13.82
1976,08,10.61,10.39,12.38,12.23,12.64,12.68,15.31
1976,09,13.17,12.83,14.86,14.85,15.03,14.81,17.77
1976,10,14.74,14.29,16.23,16.56,16.08,15.79,18.96
1976,11,18.65,18.29,20.39,20.76,20.69,20.58,23.71
1976,12,21.86,21.69,24.29,24.36,24.96,24.82,27.77
1977,01,25.44,24.54,27.02,27.86,27.51,27.46,30.44
1977,02,26.39,25.54,27.76,28.78,27.90,28.55,31.07
1977,03,21.53,20.93,23.07,23.44,23.54,23.86,25.84
1977,04,16.11,15.31,17.33,17.92,17.51,17.56,20.16
1977,05,12.59,12.32,14.28,14.24,14.53,14.58,16.83
1977,06,9.38,8.93,10.74,10.91,11.03,11.13,13.30
1977,07,8.79,8.44,10.27,10.22,10.55,10.58,12.72
1977,08,12.51,12.21,14.04,13.83,14.21,14.28,17.18
1977,09,13.25,12.57,14.45,14.77,14.52,14.51,17.29
1977,10,18.70,18.31,20.43,20.71,20.79,20.65,23.57
1977,11,20.47,19.75,22.02,22.70,22.22,21.81,25.25
1977,12,23.86,23.06,25.53,26.24,25.88,25.82,28.99
1978,01,24.71,23.63,25.88,26.80,26.22,26.38,29.03
1978,02,25.04,23.93,26.44,27.71,26.76,27.10,30.22
1978,03,23.40,22.08,24.29,25.65,24.12,24.24,27.30
1978,04,17.61,16.90,19.01,19.48,19.52,19.82,22.14
1978,05,14.55,14.33,16.12,16.04,16.11,16.14,18.34
1978,06,10.03,9.85,11.41,11.25,11.36,11.53,13.23
1978,07,8.21,8.22,9.84,9.22,10.07,10.17,11.95
1978,08,9.72,9.43,11.28,11.03,11.36,11.46,13.46
1978,09,13.58,13.26,14.98,14.78,14.87,14.77,17.04
1978,10,17.09,16.75,18.66,18.71,18.79,18.68,21.38
1978,11,19.56,19.04,21.26,21.66,21.56,21.15,24.53
1978,12,21.25,20.47,22.96,23.75,23.24,23.03,26.72
1979,01,28.50,27.19,29.78,31.23,30.02,29.84,33.63
1979,02,26.96,25.79,28.03,29.20,27.75,27.75,30.71
1979,03,23.48,22.72,24.96,25.72,25.03,25.04,27.78
1979,04,15.76,15.26,17.27,17.65,17.53,17.76,20.16
1979,05,12.58,12.28,14.29,14.39,14.36,14.34,16.71
1979,06,11.36,11.09,12.68,12.65,12.75,12.95,14.99
1979,07,9.20,9.02,10.76,10.48,11.06,11.22,13.42
1979,08,10.19,10.02,11.84,11.53,11.84,11.88,14.33
1979,09,12.78,12.57,14.30,13.89,14.36,14.37,16.49
1979,10,16.31,16.05,17.91,17.79,18.12,18.14,20.33
1979,11,20.42,19.71,21.89,22.50,22.12,21.95,25.44
1979,12,24.02,23.57,26.18,26.46,26.79,26.59,29.65
1980,01,23.07,22.19,24.67,25.56,24.97,24.98,28.00
1980,02,26.28,25.01,27.33,28.51,27.43,28.02,30.38
1980,03,23.16,21.88,24.05,25.18,24.27,24.52,26.87
1980,04,19.39,18.85,20.54,20.65,20.70,21.15,22.72
1980,05,14.43,14.34,16.10,15.80,16.26,16.50,18.21
1980,06,10.28,9.85,11.45,11.45,11.51,11.70,13.54
1980,07,9.34,9.16,11.03,10.83,11.27,11.37,13.36
1980,08,11.24,11.28,13.15,12.53,13.56,13.69,15.94
1980,09,14.18,14.23,16.21,15.55,16.64,16.48,19.10
1980,10,17.68,17.41,19.32,19.36,19.31,18.92,21.98
1980,11,21.51,20.88,23.26,23.97,23.60,23.14,27.04
1980,12,24.69,24.29,26.83,27.20,27.31,27.34,30.28
1981,01,29.38,28.45,30.87,31.92,30.83,30.70,34.22
1981,02,27.85,27.14,29.41,30.14,29.03,29.18,32.15
1981,03,21.20,20.61,22.80,23.13,23.04,23.14,25.31
1981,04,19.22,18.72,20.76,20.99,21.07,21.47,23.37
1981,05,13.67,13.39,15.20,15.12,15.25,15.49,17.43
1981,06,9.41,9.29,10.93,10.67,11.17,11.44,13.06
1981,07,8.63,8.66,10.37,9.81,10.77,11.12,12.64
1981,08,9.47,9.51,11.40,10.81,11.67,11.76,13.69
1981,09,15.10,14.80,16.69,16.45,16.88,16.88,19.06
1981,10,17.97,17.56,19.54,19.72,19.51,19.22,22.17
1981,11,19.31,18.87,21.29,21.66,21.79,21.59,24.80
1981,12,22.80,22.07,24.69,25.33,25.06,24.93,28.34
1982,01,27.25,26.51,28.94,29.53,29.13,29.13,31.91
1982,02,26.33,25.50,27.88,28.72,28.09,28.58,30.95
1982,03,23.78,22.99,25.07,25.57,25.10,25.31,27.53
1982,04,18.07,17.62,19.69,19.93,20.02,20.15,22.38
1982,05,12.36,12.34,14.42,14.09,14.96,15.09,17.24
1982,06,9.15,8.80,10.75,10.76,11.22,11.43,13.28
1982,07,8.54,8.35,10.36,10.18,10.99,11.27,13.29
1982,08,13.78,13.55,15.80,15.60,16.35,16.45,19.03
1982,09,13.38,13.06,15.34,15.26,15.98,16.04,18.46
1982,10,16.86,16.42,18.78,19.07,19.40,19.33,21.92
1982,11,24.47,23.86,26.44,26.79,27.13,27.01,29.56
1982,12,24.76,23.58,26.00,27.06,26.27,26.37,29.37
1983,01,24.83,23.67,26.20,27.18,26.84,27.17,29.67
1983,02,30.10,29.21,31.37,32.07,31.35,31.87,34.00
1983,03,24.55,23.42,25.48,26.35,25.29,25.08,27.73
1983,04,15.72,15.27,17.09,17.23,17.03,16.88,19.39
1983,05,13.52,13.32,15.07,14.85,14.89,14.79,16.82
1983,06,9.05,8.91,10.65,10.35,11.03,11.17,12.96
1983,07,8.79,8.62,10.12,9.72,10.05,10.10,11.90
1983,08,11.05,10.93,12.72,12.18,12.90,13.04,14.94
1983,09,12.98,12.69,14.53,14.36,14.52,14.35,16.96
1983,10,16.25,15.69,17.63,18.07,17.63,17.47,20.53
1983,11,18.70,18.35,20.53,20.71,20.81,20.29,23.97
1983,12,23.50,22.73,25.21,26.02,25.47,25.23,29.00
1984,01,22.41,21.76,24.14,24.60,24.65,24.78,27.34
1984,02,24.42,24.05,26.52,26.88,27.13,27.72,29.97
1984,03,20.22,19.47,21.74,22.28,22.12,22.35,24.71
1984,04,17.22,16.71,18.72,19.05,18.90,18.89,21.60
1984,05,13.79,13.77,15.75,15.51,16.07,16.07,18.27
1984,06,10.93,10.49,12.31,12.59,12.74,12.95,15.34
1984,07,8.77,8.58,10.22,9.95,10.46,10.76,12.55
1984,08,10.14,10.22,12.22,11.63,12.65,12.72,14.85
1984,09,11.95,11.59,13.54,13.42,13.72,13.55,15.99
1984,10,16.77,16.47,18.51,18.51,18.97,19.08,21.38
1984,11,20.62,20.00,22.31,22.89,22.57,22.36,25.32
1984,12,21.14,20.71,23.54,24.04,24.09,24.12,27.21
1985,01,24.74,23.38,26.04,27.36,26.66,27.21,29.77
1985,02,25.47,24.44,26.81,27.90,26.66,26.83,29.91
1985,03,24.25,23.73,25.90,26.19,26.02,26.18,28.54
1985,04,18.71,18.65,20.65,20.45,20.77,20.95,22.96
1985,05,13.63,13.65,15.67,15.35,16.03,16.46,18.09
1985,06,8.88,8.84,10.52,10.10,11.08,11.67,13.15
1985,07,9.41,9.01,10.93,10.88,11.32,11.48,13.78
1985,08,10.20,10.10,11.91,11.48,11.94,11.99,13.99
1985,09,13.93,13.15,14.98,15.33,14.85,14.86,17.15
1985,10,17.68,17.31,19.18,19.26,19.19,19.07,21.71
1985,11,20.04,19.38,21.59,22.17,21.50,20.95,24.82
1985,12,20.42,20.14,22.48,22.45,22.83,22.63,25.40
1986,01,22.47,21.33,23.86,24.97,24.11,24.06,27.56
1986,02,23.88,23.37,25.87,26.26,26.18,26.55,28.70
1986,03,25.44,24.20,26.53,27.73,26.70,26.97,29.66
1986,04,17.21,16.71,18.73,19.07,18.81,18.91,21.62
1986,05,13.53,12.99,14.86,15.04,14.79,14.85,17.00
1986,06,9.16,8.74,10.57,10.54,11.01,11.35,12.97
1986,07,8.31,8.18,9.89,9.47,10.15,10.33,11.94
1986,08,11.17,11.01,12.97,12.71,12.90,12.88,14.93
1986,09,13.05,12.74,14.61,14.46,14.73,14.73,16.93
1986,10,13.89,13.99,15.84,15.39,15.93,15.70,18.11
1986,11,19.45,18.64,20.81,21.45,20.96,20.73,24.03
1986,12,20.72,20.14,22.47,22.79,22.64,22.16,25.51
1987,01,23.35,22.82,25.26,25.53,25.53,25.03,28.18
1987,02,25.38,24.83,27.21,27.78,27.10,27.20,29.95
1987,03,19.96,19.20,21.45,22.14,21.50,21.44,24.37
1987,04,18.47,18.06,20.23,20.46,20.64,20.81,23.18
1987,05,12.88,12.82,14.60,14.30,14.55,14.55,16.70
1987,06,10.60,10.35,12.26,12.19,12.47,12.62,14.52
1987,07,8.73,8.72,10.58,10.04,11.11,11.35,12.99
1987,08,11.16,10.84,12.76,12.65,12.68,12.55,14.86
1987,09,14.47,14.28,16.34,16.03,16.63,16.57,19.04
1987,10,16.64,16.25,18.22,18.38,18.10,17.86,20.84
1987,11,20.15,19.73,22.15,22.57,22.65,22.51,25.85
1987,12,22.91,21.87,24.18,25.37,24.00,23.76,28.00
1988,01,28.10,27.06,29.27,30.32,29.02,28.89,32.28
1988,02,25.28,24.28,26.58,27.72,26.23,26.52,29.61
1988,03,23.67,23.21,25.21,25.45,25.37,25.96,27.72
1988,04,19.50,19.30,21.27,21.46,21.08,21.20,23.62
1988,05,14.50,14.41,16.23,16.01,16.09,16.22,17.90
1988,06,10.79,10.69,12.36,12.04,12.48,12.63,14.16
1988,07,10.52,10.19,11.85,11.61,11.92,12.10,13.67
1988,08,11.03,11.06,12.84,12.38,12.67,12.62,15.02
1988,09,14.78,14.55,16.24,15.85,16.28,16.21,18.47
1988,10,16.39,16.49,18.56,18.11,18.83,18.55,21.49
1988,11,19.09,18.78,20.84,20.90,21.14,21.17,23.65
1988,12,23.58,22.89,25.04,25.51,25.28,25.58,28.26
1989,01,23.90,23.12,25.45,26.06,25.64,25.89,28.40
1989,02,25.60,25.10,27.36,27.95,27.04,27.32,30.25
1989,03,23.26,22.58,24.61,25.04,24.64,25.00,27.14
1989,04,18.08,17.67,19.45,19.56,19.36,19.39,21.76
1989,05,14.41,14.15,15.97,15.99,15.72,15.55,17.89
1989,06,9.61,9.32,10.92,10.83,10.87,10.99,12.53
1989,07,8.68,8.50,10.24,9.92,10.46,10.60,12.33
1989,08,9.02,9.03,10.92,10.42,11.05,11.13,13.06
1989,09,13.48,13.28,15.23,14.94,15.39,15.32,17.65
1989,10,15.39,15.43,17.48,17.23,17.55,17.18,20.33
1989,11,21.19,20.46,22.65,23.35,22.55,22.25,26.09
1989,12,23.59,23.28,25.61,25.87,25.85,25.79,28.95
1990,01,26.48,25.66,27.75,28.43,27.73,27.96,30.74
1990,02,24.25,23.83,25.81,26.35,25.18,25.22,28.25
1990,03,24.17,23.45,25.45,26.19,25.17,25.25,28.24
1990,04,17.97,17.51,19.44,19.72,19.51,19.68,22.16
1990,05,14.18,13.79,15.54,15.39,15.60,15.76,17.57
1990,06,9.67,9.66,11.35,10.82,11.84,12.15,13.46
1990,07,9.15,9.44,11.08,10.19,11.41,11.58,13.06
1990,08,9.60,9.59,11.51,11.03,11.62,11.58,13.80
1990,09,13.66,13.40,15.32,15.13,15.40,15.44,17.81
1990,10,17.54,17.25,19.26,19.31,19.31,19.05,21.98
1990,11,20.84,20.23,22.70,23.22,23.11,22.73,26.44
1990,12,24.64,24.14,26.69,27.19,26.80,26.58,30.00
1991,01,26.06,24.96,27.47,28.58,27.43,27.43,30.65
1991,02,27.01,25.76,28.07,29.51,27.65,27.97,31.13
1991,03,22.92,22.23,24.24,24.72,24.17,24.43,26.73
1991,04,17.55,17.04,19.07,19.45,19.03,19.07,21.55
1991,05,14.42,13.72,15.88,16.45,16.10,16.25,18.62
1991,06,11.92,11.65,13.23,13.09,13.07,13.21,15.10
1991,07,9.24,9.23,11.09,10.68,11.22,11.28,13.27
1991,08,9.01,9.22,11.32,10.60,11.73,11.72,14.08
1991,09,12.46,12.30,14.23,13.86,14.45,14.47,16.79
1991,10,18.97,18.41,20.54,20.87,20.66,20.42,23.57
1991,11,20.00,19.46,21.75,22.16,21.98,21.29,24.93
1991,12,22.49,21.76,24.18,24.89,24.03,23.67,27.28
1992,01,22.30,20.74,23.28,24.85,23.45,23.33,27.18
1992,02,24.11,23.17,25.65,26.66,25.43,25.61,28.76
1992,03,23.57,22.65,24.92,25.67,25.14,25.31,27.90
1992,04,18.00,17.82,19.82,19.90,19.66,19.37,22.33
1992,05,13.12,13.01,14.79,14.54,14.65,14.57,16.79
1992,06,9.89,9.60,11.31,11.25,11.31,11.35,13.45
1992,07,9.29,9.21,10.88,10.29,11.10,11.21,13.10
1992,08,9.30,9.24,11.06,10.53,11.09,11.28,13.24
1992,09,10.77,10.49,12.47,12.35,12.69,12.68,15.06
1992,10,16.73,16.40,18.20,18.24,18.00,17.97,20.43
1992,11,17.04,16.91,18.89,18.79,18.89,18.49,21.38
1992,12,22.22,21.98,24.04,24.04,23.64,23.25,26.36
1993,01,25.19,24.50,26.70,27.09,26.75,26.53,29.40
1993,02,23.84,23.29,25.48,25.83,25.43,25.56,28.49
1993,03,20.73,20.13,22.21,22.55,22.46,22.69,25.19
1993,04,18.96,18.80,20.86,20.84,21.33,21.72,24.02
1993,05,13.35,13.21,15.18,14.96,15.65,16.17,17.88
1993,06,9.48,9.09,10.91,10.88,11.17,11.41,13.43
1993,07,10.36,10.13,11.66,11.37,11.54,11.81,13.73
1993,08,11.85,12.00,13.81,13.19,13.78,14.11,16.14
1993,09,13.76,13.34,15.14,15.19,14.87,15.03,17.32
1993,10,15.62,15.42,17.22,16.98,17.20,17.13,19.40
1993,11,19.18,18.34,20.50,21.22,20.50,20.19,23.61
1993,12,21.40,20.61,22.90,23.57,22.89,22.86,26.09
1994,01,23.73,22.81,25.21,26.13,25.16,25.29,28.75
1994,02,24.66,24.22,26.64,27.32,26.39,26.60,29.81
1994,03,20.48,19.96,21.97,22.34,22.44,23.31,25.04
1994,04,17.65,17.21,19.21,19.59,19.50,19.90,22.48
1994,05,13.01,12.96,14.90,14.82,14.98,15.17,17.82
1994,06,10.72,10.35,12.04,12.08,12.10,12.32,14.49
1994,07,10.10,10.14,11.86,11.35,12.08,12.31,14.37
1994,08,10.31,9.93,12.05,12.01,12.13,12.16,14.66
1994,09,12.09,11.69,13.89,13.94,14.15,14.07,17.09
1994,10,17.31,16.97,19.14,19.28,19.23,18.89,22.00
1994,11,19.39,18.77,21.33,21.85,21.81,21.13,24.95
1994,12,26.98,26.08,28.52,29.35,28.62,28.59,31.80
1995,01,25.75,25.04,27.27,27.77,27.61,28.03,30.37
1995,02,25.51,24.92,27.03,27.67,26.75,27.24,29.96
1995,03,20.91,20.19,22.39,23.11,22.37,22.49,25.09
1995,04,14.45,14.15,16.12,16.31,16.23,16.42,19.03
1995,05,13.17,12.44,14.24,14.54,14.20,14.29,16.59
1995,06,10.44,9.69,11.16,11.49,11.02,11.22,13.32
1995,07,7.93,7.71,9.35,9.00,9.39,9.62,11.35
1995,08,12.53,12.06,13.70,13.66,13.45,13.66,15.93
1995,09,13.18,12.69,14.42,14.64,14.30,14.40,17.05
1995,10,15.96,15.20,17.21,17.93,17.23,17.11,20.42
1995,11,19.12,18.86,21.01,21.03,21.25,21.06,24.35
1995,12,20.84,19.68,22.19,23.61,22.24,22.14,26.44
1996,01,23.86,23.20,25.63,26.52,25.73,25.92,29.35
1996,02,22.30,21.64,23.96,24.80,24.08,24.75,27.32
1996,03,21.44,21.00,23.00,23.28,23.23,23.62,26.16
1996,04,14.24,14.13,16.04,16.19,16.21,16.46,19.19
1996,05,13.78,13.08,14.87,15.34,14.74,15.01,17.60
1996,06,10.35,10.19,11.85,11.71,12.05,12.38,14.19
1996,07,8.92,8.59,10.14,9.82,10.22,10.51,12.14
1996,08,10.08,9.95,11.88,11.46,12.10,12.18,14.42
1996,09,12.80,12.49,14.26,14.02,14.35,14.36,16.73
1996,10,17.20,16.70,18.44,18.59,18.36,18.30,20.92
1996,11,17.53,17.30,19.49,19.47,20.10,19.99,22.89
1996,12,21.27,20.39,22.78,23.67,23.03,23.15,26.41
1997,01,26.34,25.70,27.82,28.47,27.75,28.07,30.74
1997,02,28.87,28.58,30.80,31.33,30.93,31.26,33.79
1997,03,20.91,20.34,22.46,23.14,22.43,22.36,25.19
1997,04,18.10,17.66,19.78,20.14,20.04,20.15,22.64
1997,05,13.21,12.81,14.61,14.79,14.55,14.55,17.03
1997,06,10.99,10.57,12.10,12.34,11.85,12.02,14.28
1997,07,9.21,8.84,10.71,10.71,10.97,11.05,13.24
1997,08,10.05,9.81,11.68,11.32,11.83,11.98,14.03
1997,09,13.62,13.21,15.09,15.25,15.09,15.25,17.60
1997,10,18.02,17.38,19.33,19.72,19.38,19.25,22.35
1997,11,21.49,20.73,23.02,23.86,23.36,23.04,26.96
1997,12,24.87,23.85,26.23,27.32,26.08,25.73,29.63
1998,01,26.97,25.93,28.11,29.05,27.89,27.75,30.77
1998,02,26.21,25.45,27.85,28.57,27.83,27.82,30.57
1998,03,24.13,23.12,25.33,26.23,25.40,25.51,28.20
1998,04,17.13,16.32,18.18,18.80,18.00,17.84,20.79
1998,05,13.50,12.99,14.82,15.07,14.93,15.11,17.54
1998,06,10.22,9.92,11.47,11.48,11.50,11.59,13.74
1998,07,8.82,8.56,10.16,9.93,10.25,10.54,12.10
1998,08,12.21,11.86,13.61,13.58,13.48,13.72,16.01
1998,09,14.70,14.46,16.15,15.80,16.23,16.31,18.74
1998,10,15.12,15.07,17.01,16.67,17.36,17.33,19.94
1998,11,19.07,18.59,20.69,21.10,20.84,20.57,23.88
1998,12,23.56,22.90,25.38,26.19,25.58,25.36,29.27
1999,01,28.04,26.86,29.56,31.07,29.73,29.92,33.62
1999,02,25.74,25.42,27.60,28.08,27.24,27.34,30.07
1999,03,22.26,21.48,23.48,24.12,23.39,23.30,26.00
1999,04,16.73,16.20,18.14,18.53,18.48,18.74,21.21
1999,05,14.32,14.21,15.96,15.58,15.99,16.03,18.13
1999,06,11.03,10.63,12.13,12.10,12.24,12.41,14.14
1999,07,10.78,10.53,12.10,12.02,12.09,12.36,14.29
1999,08,11.88,11.50,13.26,13.14,13.35,13.67,15.63
1999,09,15.47,15.03,16.77,16.78,16.86,16.98,19.41
1999,10,17.51,17.17,18.94,18.96,18.92,18.95,21.60
1999,11,19.07,18.79,20.82,20.85,20.95,20.53,23.58
1999,12,22.34,21.88,24.07,24.33,24.34,24.42,27.27
2000,01,22.94,22.48,24.82,25.18,25.17,25.49,28.16
2000,02,28.19,27.86,29.93,30.24,29.50,29.83,32.36
2000,03,23.70,23.26,25.15,25.43,24.94,25.14,27.46
2000,04,18.64,18.43,20.18,20.13,20.05,20.14,22.47
2000,05,12.35,12.18,13.85,13.57,13.96,14.14,16.14
2000,06,9.60,9.53,11.13,10.77,11.49,11.76,13.42
2000,07,9.30,9.32,10.95,10.53,11.16,11.28,13.36
2000,08,10.83,10.85,12.62,12.12,12.61,12.71,14.75
2000,09,13.51,13.42,15.21,14.80,15.33,15.36,17.74
2000,10,15.54,15.28,17.13,17.05,17.23,17.12,20.07
2000,11,21.64,20.92,22.88,23.56,22.85,22.88,26.21
2000,12,24.52,23.93,26.21,26.65,26.55,26.63,29.69
2001,01,28.96,28.08,30.40,31.21,30.38,30.29,33.70
2001,02,27.66,27.13,29.17,29.42,29.12,29.59,31.63
2001,03,22.40,21.89,23.77,24.03,23.71,23.69,26.12
2001,04,18.46,17.83,19.61,20.14,19.48,19.53,22.44
2001,05,13.64,13.31,15.18,15.40,15.30,15.39,17.85
2001,06,11.41,11.14,12.65,12.51,12.78,12.97,14.82
2001,07,11.01,10.45,12.13,12.29,12.25,12.37,14.32
2001,08,10.79,10.74,12.60,12.28,12.78,12.96,15.47
2001,09,15.88,15.47,17.28,17.35,17.32,17.25,20.24
2001,10,14.79,14.96,16.95,16.52,17.16,16.71,19.63
2001,11,18.72,18.04,20.37,21.05,20.67,19.97,24.10
2001,12,20.60,19.52,22.04,23.20,22.05,21.40,25.86
2002,01,24.41,23.43,26.00,27.11,26.14,25.84,29.48
2002,02,23.05,22.48,24.90,25.57,24.97,25.16,28.10
2002,03,23.24,22.07,24.27,25.44,24.26,24.31,27.37
2002,04,19.94,19.36,21.43,21.96,21.53,21.84,24.55
2002,05,14.66,14.62,16.65,16.49,16.92,16.87,19.19
2002,06,10.60,10.53,12.18,11.90,12.45,12.60,14.72
2002,07,10.25,10.22,11.95,11.41,12.29,12.34,14.72
2002,08,11.57,11.37,13.35,13.11,13.49,13.48,16.14
2002,09,14.22,14.14,16.27,16.00,16.58,16.28,19.32
2002,10,17.34,17.18,19.39,19.36,19.71,19.24,22.61
2002,11,22.94,21.92,24.48,25.42,25.05,24.66,28.33
2002,12,24.30,23.29,25.84,26.84,26.39,26.48,29.94
2003,01,27.72,26.48,28.62,29.66,28.66,28.63,31.85
2003,02,27.12,25.68,27.91,29.43,27.57,27.79,31.15
2003,03,22.50,21.73,23.97,24.73,23.99,23.75,26.72
2003,04,17.83,17.53,19.42,19.55,19.54,19.81,22.36
2003,05,14.69,14.35,15.99,15.85,16.21,16.57,18.08
2003,06,10.20,10.18,11.77,11.27,12.06,12.21,13.92
2003,07,9.94,9.79,11.32,11.03,11.32,11.59,13.29
2003,08,9.88,9.76,11.43,10.99,11.38,11.57,13.47
2003,09,12.21,12.28,14.13,13.53,14.43,14.43,16.52
2003,10,13.81,13.62,15.56,15.49,15.71,15.53,18.40
2003,11,21.08,20.43,22.67,23.08,23.37,23.02,26.58
2003,12,25.37,24.82,27.11,27.27,27.61,27.66,30.28
2004,01,24.25,23.15,25.58,26.51,25.72,25.29,28.82
2004,02,26.85,25.44,28.05,29.71,28.26,28.49,32.03
2004,03,24.30,22.68,24.81,26.28,24.80,24.82,27.97
2004,04,18.81,18.18,20.16,20.54,20.36,20.35,23.02
2004,05,12.47,12.44,14.48,14.16,15.00,15.08,17.21
2004,06,9.58,9.59,11.28,10.80,11.63,11.71,13.64
2004,07,8.70,8.76,10.48,10.05,10.53,10.44,12.60
2004,08,10.85,10.92,12.83,12.25,13.03,13.02,15.33
2004,09,13.00,12.69,14.62,14.53,14.90,14.89,17.30
2004,10,18.12,17.56,19.60,19.83,19.99,19.76,23.24
2004,11,19.91,19.15,21.40,22.09,21.83,21.46,25.25
2004,12,22.56,21.90,24.31,24.89,24.78,24.78,27.82
2005,01,25.49,24.66,27.08,27.63,27.40,27.30,30.14
2005,02,22.29,21.48,23.67,24.18,23.94,24.18,26.68
2005,03,21.69,21.04,23.24,23.79,23.54,23.49,26.34
2005,04,21.00,20.63,22.65,22.84,22.98,23.17,25.73
2005,05,14.92,14.47,16.64,16.94,17.00,16.85,19.54
2005,06,12.15,11.82,13.56,13.64,13.67,13.70,15.79
2005,07,10.03,9.89,11.59,11.18,11.88,12.06,13.80
2005,08,11.15,10.99,12.81,12.41,13.12,13.43,15.41
2005,09,13.84,13.63,15.41,15.17,15.47,15.35,17.56
2005,10,17.67,17.48,19.03,18.59,18.93,18.67,20.96
2005,11,20.84,20.51,22.45,22.33,23.01,22.90,25.49
2005,12,23.81,23.96,26.41,25.90,27.10,26.91,29.34
2006,01,28.41,27.08,29.56,31.01,29.79,29.75,33.40
2006,02,26.02,24.37,26.73,28.50,26.68,26.78,30.47
2006,03,25.19,24.29,26.41,27.09,26.73,27.08,29.15
2006,04,14.55,14.71,16.81,16.50,17.27,17.30,19.60
2006,05,12.28,12.09,14.06,14.19,14.19,14.09,16.68
2006,06,10.05,9.66,11.58,11.90,11.94,12.15,14.28
2006,07,10.11,9.88,11.67,11.69,11.70,11.76,14.02
2006,08,12.30,12.02,14.04,13.86,14.29,14.33,16.73
2006,09,15.81,15.45,17.48,17.55,17.61,17.44,20.41
2006,10,19.96,19.20,21.36,21.97,21.53,21.42,24.40
2006,11,22.83,21.59,24.01,25.26,24.36,24.43,27.69
2006,12,24.77,23.94,26.27,27.21,26.27,26.14,29.46
2007,01,27.39,26.40,28.79,29.61,28.59,28.12,31.36
2007,02,28.88,28.35,30.68,31.32,30.41,30.47,33.37
2007,03,23.72,23.23,25.30,25.83,25.20,25.16,27.76
2007,04,19.73,19.61,21.46,21.60,21.31,21.43,23.96
2007,05,14.83,14.92,16.56,16.10,16.58,16.71,18.69
2007,06,9.70,9.32,11.08,11.33,11.22,11.37,13.27
2007,07,8.82,8.78,10.44,10.12,10.61,10.96,12.74
2007,08,12.28,12.19,14.12,13.84,14.23,14.44,16.83
2007,09,13.90,13.86,15.86,15.47,16.11,16.00,18.91
2007,10,18.39,18.17,20.40,20.53,20.56,20.04,23.70
2007,11,23.00,22.48,24.97,25.43,25.67,25.30,28.84
2007,12,24.10,24.10,26.51,26.42,26.93,26.93,29.58
2008,01,27.81,26.81,29.12,30.14,29.12,29.23,32.28
2008,02,23.19,22.77,25.13,25.75,25.14,25.36,28.30
2008,03,24.89,24.77,26.92,26.91,27.41,27.78,29.79
2008,04,16.91,16.91,18.87,18.72,19.18,19.48,21.64
2008,05,13.24,12.90,14.73,14.63,15.05,15.31,17.37
2008,06,11.83,11.33,13.07,13.35,13.35,13.51,15.77
2008,07,8.92,9.11,10.80,10.37,10.73,10.76,12.95
2008,08,9.33,9.33,11.29,10.99,11.27,11.27,13.62
2008,09,14.64,14.66,16.68,16.37,16.84,16.63,19.71
2008,10,19.21,18.76,20.97,21.29,21.22,21.06,24.34
2008,11,19.98,19.58,21.84,22.11,22.26,22.11,24.86
2008,12,21.11,20.68,23.13,23.49,23.57,23.47,26.41
2009,01,28.70,27.85,30.37,31.09,30.81,30.88,33.85
2009,02,27.15,26.44,28.91,29.97,28.80,29.09,32.20
2009,03,23.16,22.36,24.36,24.96,24.58,24.64,27.34
2009,04,17.40,17.23,19.27,19.33,19.53,19.59,22.15
2009,05,14.22,13.90,16.02,16.22,16.32,16.29,18.81
2009,06,10.50,10.44,11.95,11.63,12.11,12.42,13.84
2009,07,9.42,9.67,11.33,10.69,11.54,11.68,13.49
2009,08,11.18,11.31,13.20,12.50,13.56,13.73,16.01
2009,09,13.81,13.65,15.58,15.19,15.85,15.76,18.74
2009,10,16.70,16.47,18.67,18.82,18.78,18.49,22.11
2009,11,25.38,24.74,27.23,27.72,27.76,27.41,30.98
2009,12,24.70,23.95,26.50,27.33,26.75,26.47,30.12
2010,01,27.38,26.31,28.87,30.05,29.24,29.22,32.70
2010,02,26.51,26.22,28.40,28.74,28.24,28.65,31.38
2010,03,23.10,22.78,24.60,24.66,24.59,24.63,26.91
2010,04,18.21,18.27,20.08,19.76,20.23,20.10,22.79
2010,05,13.68,13.61,15.51,15.41,15.71,15.72,18.13
2010,06,9.84,9.55,11.27,11.27,11.63,11.87,13.79
2010,07,9.70,9.45,11.10,10.94,11.24,11.35,13.14
2010,08,9.00,9.03,10.94,10.42,11.25,11.29,13.36
2010,09,11.99,11.66,13.67,13.66,13.97,13.95,16.33
2010,10,17.12,16.85,18.59,18.40,18.59,18.41,20.97
2010,11,20.61,20.17,22.19,22.54,22.04,21.40,25.10
2010,12,21.59,21.55,23.71,23.61,23.88,23.65,26.64
2011,01,25.83,24.77,26.88,27.82,26.91,26.91,30.04
2011,02,23.47,22.74,24.81,25.40,24.76,25.14,27.87
2011,03,20.83,20.09,22.07,22.67,21.96,21.91,24.84
2011,04,16.79,16.75,18.58,18.36,18.89,19.26,21.29
2011,05,12.00,11.69,13.64,13.73,13.86,13.83,16.37
2011,06,10.42,10.62,12.49,12.18,12.93,13.06,15.26
2011,07,9.21,9.32,11.19,10.77,11.53,11.60,13.80
2011,08,12.82,12.49,14.26,14.03,14.26,14.38,16.74
2011,09,14.37,14.41,16.41,15.97,16.85,16.84,19.36
2011,10,17.69,17.40,19.29,19.39,19.31,19.21,22.27
2011,11,21.37,20.93,23.18,23.57,23.67,23.55,26.88
2011,12,22.55,22.27,24.67,25.01,25.18,25.45,28.35
2012,01,25.81,25.19,27.72,28.34,28.26,28.46,31.22
2012,02,24.56,24.62,26.85,26.83,26.93,27.36,29.62
2012,03,20.21,19.94,21.87,21.88,22.06,22.20,24.22
2012,04,17.83,17.79,19.70,19.59,20.03,20.38,22.56
2012,05,12.25,12.18,14.19,13.94,14.85,15.12,17.33
2012,06,9.81,9.76,11.55,11.37,11.93,12.05,14.15
2012,07,9.45,9.60,11.39,10.95,11.67,11.78,13.72
2012,08,9.83,10.00,11.89,11.31,12.08,12.24,14.50
2012,09,13.98,13.93,15.91,15.57,16.21,16.24,18.83
2012,10,17.51,17.21,19.22,19.04,19.66,19.47,22.18
2012,11,22.16,21.28,23.77,24.59,24.41,24.19,27.76
2012,12,23.76,23.48,26.18,26.38,26.76,26.55,29.57
2013,01,28.61,27.33,29.78,31.00,29.84,29.77,32.92
2013,02,28.02,27.89,30.01,30.25,29.57,29.68,32.20
2013,03,23.96,23.97,25.94,25.61,26.22,26.37,28.26
2013,04,17.77,17.74,19.97,20.00,20.50,20.88,23.45
2013,05,13.56,13.70,15.59,15.05,15.88,16.05,17.94
2013,06,11.28,10.90,12.65,12.76,12.89,13.00,14.99
2013,07,10.61,10.80,12.31,11.71,12.28,12.34,14.17
2013,08,10.88,11.09,12.89,12.12,13.06,13.22,15.20
2013,09,15.74,15.56,17.27,16.88,17.39,17.41,20.06
2013,10,16.64,16.10,18.25,18.53,18.70,18.54,22.11
2013,11,19.97,19.27,21.47,22.14,21.73,21.12,25.40
2013,12,24.11,23.20,25.88,26.73,26.65,26.69,30.20
2014,01,28.16,27.39,29.97,30.65,30.46,30.54,33.53
2014,02,28.00,27.51,29.78,30.15,29.89,30.09,32.78
2014,03,23.77,23.41,25.51,25.62,25.80,25.76,28.24
2014,04,17.39,17.32,19.07,18.98,19.12,19.17,21.78
2014,05,14.40,14.63,16.33,15.60,16.66,16.96,18.71
2014,06,10.95,10.76,12.35,12.02,12.65,12.79,14.34
2014,07,9.33,9.39,11.01,10.44,11.24,11.31,13.31
2014,08,12.00,11.62,13.51,13.47,13.58,13.65,16.02
2014,09,15.02,14.75,16.63,16.37,17.11,17.35,19.69
2014,10,19.83,19.29,21.48,21.74,22.04,22.11,25.27
2014,11,22.49,21.68,24.26,24.89,25.16,25.01,28.34
2014,12,24.38,23.74,26.56,27.17,27.14,26.94,30.35
2015,01,25.30,24.94,27.50,27.76,27.73,27.35,30.39
2015,02,27.32,26.77,29.21,29.91,29.32,29.55,32.76
2015,03,21.60,21.15,23.45,23.82,23.80,23.68,26.39
2015,04,16.83,16.60,18.65,18.91,18.79,18.60,21.47
2015,05,13.07,13.05,15.00,14.62,15.34,15.29,17.67
2015,06,10.74,10.24,11.82,11.66,11.93,11.89,13.75
2015,07,8.49,8.59,10.36,9.90,10.54,10.53,12.65
2015,08,9.93,9.68,11.68,11.43,11.92,11.95,14.13
2015,09,14.48,14.02,16.01,16.02,16.22,16.00,18.89
2015,10,22.93,22.48,24.74,24.74,25.37,25.47,28.20
2015,11,22.16,21.49,23.91,24.42,24.66,24.59,27.65
2015,12,27.00,27.10,29.52,29.09,30.04,30.11,32.30
2016,01,26.00,25.55,27.82,28.12,28.28,28.77,31.15
2016,02,26.50,25.66,27.96,28.96,28.10,28.43,31.46
2016,03,25.29,24.37,26.74,27.83,26.91,26.86,30.28
2016,04,20.05,19.69,21.64,22.00,21.61,21.67,24.55
2016,05,13.78,14.11,15.89,15.15,16.06,16.13,18.09
2016,06,9.97,9.65,11.13,10.83,11.46,11.84,13.19
2016,07,9.74,9.71,11.32,10.86,11.43,11.48,13.39
2016,08,11.15,11.20,12.92,12.37,12.91,13.04,14.95
2016,09,13.04,12.74,14.37,14.03,14.48,14.62,16.41
2016,10,15.56,15.54,17.28,16.82,17.48,17.31,19.84
2016,11,19.98,19.08,21.37,22.04,22.18,21.93,25.61
2016,12,24.61,24.21,26.59,26.68,27.14,26.88,30.03
2017,01,27.23,26.34,28.72,29.27,29.39,29.58,32.28
2017,02,24.82,24.42,26.83,27.25,27.00,27.19,30.05
2017,03,26.25,25.97,28.09,28.15,28.11,27.97,30.50
2017,04,17.84,17.62,19.50,19.52,19.62,19.74,22.19
2017,05,13.58,13.42,15.24,15.04,15.45,15.47,17.57
2017,06,10.77,10.38,12.13,12.05,12.58,12.83,14.45
2017,07,9.44,9.74,11.43,10.60,11.87,12.06,13.94
2017,08,9.93,10.05,11.94,11.26,12.27,12.44,14.17
2017,09,13.23,13.40,15.46,14.76,16.14,16.06,18.54
2017,10,18.77,18.48,20.44,20.20,20.85,20.68,23.59
2017,11,23.81,23.75,25.90,25.58,26.48,26.23,28.93
2017,12,24.42,23.85,26.26,26.60,26.81,26.68,29.69
